nan , 
nan , 
nan , 
817.814 , 
nan , 
nan , 
nan , 
nan , 
nan , 
nan , 
nan , 
nan , 
nan , 
nan , 
nan , 
nan , 
nan , 
57.1312 , 
nan , 
nan , 
57.1312 , 
nan , 
nan , 
nan , 
nan , 
47.9428 , 
nan , 
nan , 
nan , 
49.8026 , 
58.8234 , 
56.1687 , 
57.1312 , 
57.1312 , 
nan , 
45.8832 , 
nan , 
nan , 
41.8079 , 
nan , 
nan , 
44.9146 , 
nan , 
6.9567e+11 , 
nan , 
118.171 , 
nan , 
41.3988 , 
nan , 
480.264 , 
nan , 
nan , 
nan , 
52.4242 , 
172.063 , 
54.9378 , 
nan , 
nan , 
nan , 
nan , 
nan , 
69.1184 , 
222.877 , 
nan , 
nan , 
nan , 
125.927 , 
nan , 
nan , 
54.673 , 
50.6165 , 
49.3918 , 
45.2969 , 
45.7362 , 
78.6281 , 
45.3246 , 
70.3096 , 
nan , 
45.4636 , 
nan , 
53.4451 , 
nan , 
1276.91 , 
nan , 
nan , 
nan , 
nan , 
66.8622 , 
nan , 
nan , 
nan , 
nan , 
nan , 
nan , 
nan , 
42.8517 , 
nan , 
nan , 
9.43947e+07 , 
nan , 
nan , 
36.7732 , 
1277.68 , 
nan , 
nan , 
42.2696 , 
nan , 
nan , 
nan , 
nan , 
nan , 
40.9094 , 
nan , 
1.47121e+08 , 
nan , 
nan , 
67.7449 , 
nan , 
nan , 
72.9564 , 
nan , 
nan , 
nan , 
nan , 
57.1312 , 
nan , 
nan , 
nan , 
nan , 
nan , 
39.2823 , 
nan , 
nan , 
127.336 , 
nan , 
nan , 
41.976 , 
nan , 
nan , 
nan , 
nan , 
57.1312 , 
49.33 , 
320.29 , 
nan , 
328.956 , 
nan , 
nan , 
41.5176 , 
nan , 
nan , 
38.7116 , 
nan , 
nan , 
1277.38 , 
nan , 
nan , 
nan , 
57.1312 , 
132.288 , 
49.829 , 
478.278 , 
57.1312 , 
nan , 
nan , 
nan , 
nan , 
64.6847 , 
34.7999 , 
47.779 , 
nan , 
nan , 
nan , 
nan , 
nan , 
90.2841 , 
nan , 
52.2124 , 
1008.83 , 
41.4871 , 
nan , 
nan , 
nan , 
nan , 
32.2606 , 
nan , 
nan , 
nan , 
nan , 
72.4823 , 
nan , 
54.3622 , 
nan , 
nan , 
nan , 
nan , 
nan , 
421.529 , 
50.6918 , 
nan , 
nan , 
nan , 
nan , 
10184.5 , 
nan , 
nan , 
26.8684 , 
nan , 
nan , 
999.48 , 
nan , 
nan , 
nan , 
35.4322 , 
nan , 
nan , 
nan , 
nan , 
1.18928e+10 , 
45.903 , 
nan , 
nan , 
nan , 
nan , 
1.19918e+12 , 
328.517 , 
36.137 , 
nan , 
nan , 
61.6463 , 
185.207 , 
30.9875 , 
nan , 
nan , 
nan , 
103.696 , 
nan , 
57.1312 , 
2277.81 , 
371.371 , 
nan , 
293.403 , 
nan , 
nan , 
nan , 
nan , 
173.276 , 
42.4716 , 
nan , 
48.1934 , 
1273.55 , 
nan , 
nan , 
nan , 
nan , 
nan , 
nan , 
nan , 
nan , 
nan , 
nan , 
nan , 
303.556 , 
47.4697 , 
nan , 
nan , 
nan , 
nan , 
nan , 
582.183 , 
46.1104 , 
nan , 
57.1312 , 
nan , 
nan , 
43.2584 , 
nan , 
nan , 
nan , 
nan , 
44.2611 , 
46.8569 , 
nan , 
38.5883 , 
424.777 , 
98.1603 , 
nan , 
nan , 
78.3712 , 
nan , 
43.4025 , 
nan , 
nan , 
nan , 
nan , 
nan , 
nan , 
73.101 , 
nan , 
nan , 
124.824 , 
nan , 
nan , 
nan , 
57.1312 , 
nan , 
nan , 
nan , 
365.649 , 
203.768 , 
nan , 
57.1312 , 
nan , 
nan , 
63.3399 , 
482.987 , 
51.921 , 
nan , 
62518.1 , 
nan , 
nan , 
nan , 
nan , 
nan , 
415.963 , 
nan , 
39.3778 , 
366.373 , 
371.81 , 
44.2491 , 
57.1312 , 
203.522 , 
nan , 
nan , 
nan , 
17350.2 , 
nan , 
nan , 
65.5968 , 
nan , 
nan , 
nan , 
nan , 
49.166 , 
nan , 
47.673 , 
57.1312 , 
nan , 
57.1312 , 
6907.63 , 
nan , 
nan , 
58.3569 , 
67.1731 , 
nan , 
nan , 
38991.6 , 
nan , 
nan , 
57.1312 , 
nan , 
39.2826 , 
79.1912 , 
nan , 
70.7605 , 
47.6598 , 
117.174 , 
nan , 
13778.6 , 
43.0027 , 
nan , 
94.7444 , 
nan , 
130.4 , 
nan , 
187.241 , 
135.711 , 
329.41 , 
2.3452e+09 , 
nan , 
42.0732 , 
52326.1 , 
nan , 
nan , 
57.1312 , 
nan , 
321.573 , 
nan , 
nan , 
nan , 
nan , 
nan , 
34.8779 , 
nan , 
nan , 
57.1312 , 
nan , 
32.0556 , 
89.3139 , 
328.871 , 
nan , 
372.361 , 
nan , 
nan , 
42.9093 , 
nan , 
nan , 
nan , 
372.231 , 
nan , 
nan , 
187.514 , 
nan , 
nan , 
57.5563 , 
nan , 
nan , 
nan , 
nan , 
nan , 
66.8205 , 
47.2238 , 
nan , 
nan , 
nan , 
nan , 
nan , 
nan , 
nan , 
nan , 
nan , 
nan , 
nan , 
nan , 
nan , 
160.379 , 
nan , 
nan , 
59.6206 , 
nan , 
nan , 
nan , 
nan , 
78.164 , 
nan , 
nan , 
nan , 
nan , 
57.1312 , 
48.806 , 
nan , 
57.1312 , 
nan , 
nan , 
nan , 
50.1692 , 
nan , 
66.0615 , 
57.1312 , 
70.2369 , 
nan , 
57.1312 , 
41.659 , 
nan , 
nan , 
1271.55 , 
nan , 
201.599 , 
nan , 
95.3369 , 
nan , 
nan , 
96.0324 , 
94.1048 , 
nan , 
43.9083 , 
nan , 
95.323 , 
nan , 
99.1356 , 
nan , 
nan , 
nan , 
57.1312 , 
53.7207 , 
nan , 
57.1312 , 
nan , 
47.8653 , 
95.4405 , 
123.649 , 
nan , 
nan , 
nan , 
203.107 , 
nan , 
nan , 
57.1312 , 
nan , 
nan , 
nan , 
nan , 
nan , 
nan , 
43.9112 , 
nan , 
371.815 , 
nan , 
nan , 
57.1312 , 
57.1312 , 
nan , 
nan , 
nan , 
nan , 
nan , 
nan , 
nan , 
99.7609 , 
nan , 
159.035 , 
nan , 
nan , 
nan , 
nan , 
54.7819 , 
nan , 
nan , 
nan , 
nan , 
nan , 
nan , 
60.6464 , 
64.6417 , 
57.1312 , 
nan , 
89.2453 , 
450.609 , 
nan , 
124.673 , 
nan , 
171.86 , 
40.6301 , 
nan , 
nan , 
nan , 
nan , 
nan , 
nan , 
nan , 
123.61 , 
nan , 
48.2387 , 
nan , 
nan , 
180.648 , 
nan , 
61.5055 , 
nan , 
nan , 
58.7453 , 
57.1312 , 
369.508 , 
nan , 
57.1312 , 
nan , 
nan , 
13713 , 
nan , 
nan , 
1669.72 , 
nan , 
nan , 
2270.33 , 
nan , 
55.9022 , 
nan , 
nan , 
nan , 
42.6499 , 
56.4533 , 
nan , 
nan , 
nan , 
41.3758 , 
70.8444 , 
nan , 
nan , 
nan , 
nan , 
nan , 
42.1703 , 
nan , 
35.6797 , 
nan , 
nan , 
52.9158 , 
nan , 
nan , 
52.7533 , 
812.146 , 
nan , 
nan , 
51.7475 , 
34.4673 , 
nan , 
nan , 
57.1312 , 
56.5085 , 
4.55615e+06 , 
55.3576 , 
nan , 
nan , 
nan , 
68.5811 , 
nan , 
nan , 
nan , 
1668.76 , 
423.803 , 
51.547 , 
nan , 
nan , 
nan , 
57.1312 , 
104.213 , 
57.1312 , 
328.419 , 
nan , 
nan , 
nan , 
44.5534 , 
nan , 
nan , 
nan , 
nan , 
nan , 
nan , 
42.0753 , 
nan , 
41.3597 , 
nan , 
43.6314 , 
nan , 
nan , 
57.735 , 
nan , 
817.306 , 
nan , 
nan , 
nan , 
370.031 , 
nan , 
70.2911 , 
129.272 , 
424.863 , 
nan , 
61.9022 , 
61.543 , 
57.1312 , 
nan , 
1272.76 , 
nan , 
nan , 
nan , 
nan , 
43.8455 , 
8.36688e+07 , 
nan , 
128.97 , 
1162.92 , 
130.11 , 
55.0881 , 
85432.1 , 
nan , 
676.353 , 
nan , 
nan , 
36.3086 , 
41.828 , 
101.572 , 
79.3992 , 
46.2979 , 
nan , 
nan , 
76.3145 , 
371.934 , 
nan , 
nan , 
58.5948 , 
129.648 , 
nan , 
nan , 
nan , 
nan , 
57.1312 , 
nan , 
nan , 
nan , 
nan , 
nan , 
nan , 
46.7392 , 
55.2718 , 
nan , 
47.3421 , 
nan , 
nan , 
nan , 
nan , 
nan , 
nan , 
57.589 , 
70.6318 , 
nan , 
nan , 
nan , 
81.1944 , 
39.7001 , 
nan , 
44.7655 , 
70.3372 , 
44.831 , 
nan , 
nan , 
nan , 
36.968 , 
61.1762 , 
33.768 , 
nan , 
1000.27 , 
nan , 
nan , 
31.7268 , 
nan , 
nan , 
nan , 
371.267 , 
nan , 
30.0391 , 
40.0375 , 
nan , 
nan , 
46.5314 , 
65.7844 , 
nan , 
82.8902 , 
nan , 
nan , 
nan , 
nan , 
nan , 
794796 , 
nan , 
48.2889 , 
371.707 , 
nan , 
2.23089e+08 , 
48.0062 , 
nan , 
nan , 
nan , 
nan , 
61.3417 , 
nan , 
179.956 , 
nan , 
nan , 
nan , 
nan , 
nan , 
327.216 , 
76.2796 , 
120.135 , 
nan , 
nan , 
68.3363 , 
nan , 
nan , 
nan , 
99.3666 , 
nan , 
nan , 
nan , 
nan , 
nan , 
nan , 
45.3805 , 
52.5662 , 
nan , 
nan , 
35.7616 , 
82.7116 , 
nan , 
nan , 
76.9662 , 
nan , 
3.64513e+08 , 
159.48 , 
57.1312 , 
464.263 , 
nan , 
nan , 
nan , 
nan , 
nan , 
nan , 
200.23 , 
83.5801 , 
nan , 
nan , 
nan , 
57.1312 , 
nan , 
43.69 , 
262057 , 
48.7441 , 
nan , 
nan , 
nan , 
nan , 
nan , 
nan , 
nan , 
72.3293 , 
nan , 
nan , 
nan , 
nan , 
1.13553e+07 , 
43.8019 , 
nan , 
57.1312 , 
nan , 
39.1826 , 
47.3385 , 
57.1312 , 
54.4075 , 
nan , 
nan , 
6.70522e+10 , 
nan , 
nan , 
nan , 
nan , 
nan , 
nan , 
nan , 
nan , 
nan , 
nan , 
78.3929 , 
57.1312 , 
nan , 
nan , 
nan , 
nan , 
nan , 
nan , 
425.158 , 
1568.99 , 
nan , 
nan , 
172.524 , 
1276.49 , 
nan , 
173.373 , 
nan , 
nan , 
122.347 , 
37.2187 , 
nan , 
72.4783 , 
1078.27 , 
nan , 
47.6679 , 
76.3403 , 
57.1312 , 
49.4566 , 
50.9432 , 
nan , 
nan , 
nan , 
nan , 
49.7215 , 
nan , 
nan , 
124.067 , 
nan , 
73.1099 , 
nan , 
44.4794 , 
57.1312 , 
nan , 
nan , 
nan , 
nan , 
nan , 
nan , 
nan , 
nan , 
nan , 
nan , 
57.1312 , 
nan , 
nan , 
nan , 
nan , 
nan , 
nan , 
nan , 
nan , 
126.628 , 
70.1012 , 
55.138 , 
nan , 
nan , 
nan , 
59.0783 , 
369.823 , 
nan , 
112.93 , 
57.1312 , 
56.2197 , 
37.5943 , 
65.5731 , 
nan , 
62.3885 , 
nan , 
nan , 
nan , 
60.5303 , 
nan , 
nan , 
nan , 
57.1312 , 
nan , 
nan , 
374.456 , 
nan , 
nan , 
57.1312 , 
371.122 , 
3.66142e+09 , 
nan , 
nan , 
nan , 
43.3947 , 
39.8727 , 
58.9638 , 
nan , 
371.565 , 
57.1312 , 
nan , 
52.5962 , 
nan , 
nan , 
36.2908 , 
nan , 
nan , 
nan , 
nan , 
96.2594 , 
nan , 
371.016 , 
nan , 
nan , 
66.8133 , 
46.5849 , 
nan , 
nan , 
nan , 
nan , 
93.1521 , 
nan , 
nan , 
57.1312 , 
nan , 
1669.38 , 
57.1312 , 
nan , 
33.6889 , 
67.6591 , 
nan , 
116.66 , 
nan , 
2277.59 , 
107.615 , 
nan , 
nan , 
nan , 
221.115 , 
43.844 , 
nan , 
1008.86 , 
57.1312 , 
370.687 , 
nan , 
nan , 
nan , 
131.284 , 
nan , 
66.7586 , 
nan , 
nan , 
29.0667 , 
45.6322 , 
nan , 
137.764 , 
nan , 
68.1795 , 
nan , 
nan , 
nan , 
nan , 
nan , 
nan , 
45.1058 , 
nan , 
47.6345 , 
48.1798 , 
57.1312 , 
nan , 
nan , 
1000.21 , 
nan , 
43.4763 , 
nan , 
184.944 , 
nan , 
nan , 
nan , 
nan , 
nan , 
nan , 
nan , 
nan , 
57.1312 , 
nan , 
1008.01 , 
nan , 
nan , 
nan , 
817.82 , 
57.1312 , 
58.8888 , 
nan , 
nan , 
nan , 
55.1438 , 
nan , 
nan , 
57.1312 , 
nan , 
57.1312 , 
nan , 
nan , 
69.7131 , 
nan , 
165.281 , 
62.7988 , 
nan , 
48.0805 , 
178.281 , 
nan , 
nan , 
nan , 
57.6125 , 
nan , 
41.7952 , 
nan , 
nan , 
57.1312 , 
nan , 
2277.69 , 
nan , 
nan , 
15304.5 , 
nan , 
nan , 
nan , 
nan , 
1006.08 , 
nan , 
93.5583 , 
nan , 
nan , 
nan , 
41.2898 , 
nan , 
nan , 
nan , 
nan , 
49.9844 , 
nan , 
363.705 , 
nan , 
nan , 
nan , 
7.28388e+08 , 
nan , 
nan , 
16881.4 , 
nan , 
nan , 
42.9857 , 
nan , 
nan , 
41.49 , 
57.1312 , 
nan , 
nan , 
38.6193 , 
nan , 
nan , 
92.9852 , 
53.7957 , 
nan , 
nan , 
57.1312 , 
35.6169 , 
99.0694 , 
nan , 
43.1667 , 
57.1312 , 
48.9337 , 
nan , 
nan , 
40.0833 , 
nan , 
nan , 
nan , 
1009.33 , 
nan , 
1669.6 , 
57.1312 , 
nan , 
nan , 
nan , 
nan , 
45.1696 , 
68.6331 , 
nan , 
nan , 
nan , 
194.419 , 
nan , 
57.1312 , 
nan , 
73.9388 , 
129.708 , 
66.6743 , 
68.2059 , 
46.9573 , 
177.936 , 
40.3978 , 
nan , 
nan , 
nan , 
820.456 , 
nan , 
57.1312 , 
58.5034 , 
37.2435 , 
1.79964e+11 , 
57.1312 , 
1.30531e+15 , 
nan , 
nan , 
nan , 
nan , 
nan , 
44.654 , 
nan , 
nan , 
nan , 
nan , 
nan , 
nan , 
nan , 
nan , 
nan , 
74.7349 , 
nan , 
nan , 
89.6984 , 
1275.6 , 
47.6547 , 
47.4556 , 
nan , 
nan , 
74.3756 , 
nan , 
74.2871 , 
62.3207 , 
nan , 
nan , 
nan , 
nan , 
57.1312 , 
55.3077 , 
nan , 
nan , 
57.1312 , 
nan , 
4564.66 , 
nan , 
nan , 
nan , 
nan , 
nan , 
nan , 
52.3418 , 
nan , 
nan , 
388716 , 
nan , 
32.2185 , 
nan , 
nan , 
1008.15 , 
nan , 
nan , 
48.967 , 
199.182 , 
nan , 
nan , 
nan , 
nan , 
34.0765 , 
nan , 
nan , 
57.1312 , 
nan , 
96.6535 , 
34.6063 , 
nan , 
nan , 
nan , 
nan , 
nan , 
184.653 , 
nan , 
nan , 
82.8527 , 
202.542 , 
nan , 
nan , 
nan , 
57.1312 , 
48.731 , 
nan , 
nan , 
40.8734 , 
nan , 
368.253 , 
nan , 
221.02 , 
nan , 
72598 , 
nan , 
nan , 
67.3556 , 
nan , 
nan , 
nan , 
51.5008 , 
nan , 
nan , 
57.1312 , 
nan , 
nan , 
nan , 
1289.41 , 
97.0747 , 
79.312 , 
nan , 
nan , 
79.5021 , 
nan , 
nan , 
nan , 
55.3038 , 
57.1312 , 
57.1312 , 
nan , 
184.072 , 
nan , 
56.1626 , 
nan , 
nan , 
nan , 
nan , 
85.5942 , 
nan , 
nan , 
nan , 
62.91 , 
1009.09 , 
124.739 , 
60.3576 , 
35.8598 , 
96.6201 , 
nan , 
nan , 
nan , 
nan , 
nan , 
nan , 
57.1312 , 
nan , 
nan , 
nan , 
nan , 
nan , 
nan , 
57.1312 , 
nan , 
nan , 
nan , 
49.25 , 
90.0775 , 
nan , 
88.4776 , 
nan , 
nan , 
1006.37 , 
nan , 
nan , 
nan , 
60.6549 , 
nan , 
nan , 
nan , 
nan , 
54.6569 , 
3.29241e+06 , 
65.8879 , 
nan , 
817.305 , 
165.695 , 
nan , 
368.408 , 
nan , 
nan , 
nan , 
nan , 
nan , 
nan , 
57.1312 , 
43.0012 , 
nan , 
nan , 
46.6218 , 
nan , 
nan , 
127.029 , 
44.9299 , 
nan , 
nan , 
nan , 
nan , 
nan , 
20754.8 , 
nan , 
nan , 
122.984 , 
nan , 
72.4239 , 
nan , 
62.7344 , 
nan , 
53062.8 , 
nan , 
nan , 
57.1312 , 
nan , 
nan , 
nan , 
19887 , 
101.003 , 
57.1312 , 
nan , 
54.0663 , 
nan , 
76.0377 , 
89.8376 , 
nan , 
nan , 
nan , 
nan , 
91.4195 , 
nan , 
nan , 
nan , 
nan , 
nan , 
nan , 
nan , 
nan , 
45.8071 , 
nan , 
67.9442 , 
nan , 
nan , 
nan , 
nan , 
48.1962 , 
nan , 
139.656 , 
nan , 
366.525 , 
nan , 
nan , 
78.2533 , 
325.03 , 
57.1312 , 
nan , 
nan , 
49.3999 , 
371.911 , 
nan , 
1009.01 , 
nan , 
57.1312 , 
nan , 
nan , 
nan , 
82.1873 , 
185.543 , 
nan , 
371.232 , 
nan , 
nan , 
nan , 
nan , 
48.4648 , 
nan , 
nan , 
nan , 
nan , 
nan , 
nan , 
119.966 , 
nan , 
nan , 
nan , 
95.9018 , 
nan , 
nan , 
86.2496 , 
57.1312 , 
46.031 , 
nan , 
nan , 
nan , 
41.5144 , 
60.3126 , 
nan , 
nan , 
57.1312 , 
nan , 
nan , 
nan , 
nan , 
nan , 
nan , 
58.5678 , 
nan , 
nan , 
nan , 
nan , 
3.37335e+07 , 
nan , 
37.6438 , 
371.952 , 
nan , 
483.091 , 
nan , 
47.393 , 
nan , 
nan , 
nan , 
nan , 
nan , 
38.8572 , 
nan , 
nan , 
nan , 
201.935 , 
nan , 
185.116 , 
nan , 
46.1052 , 
48.3784 , 
68.5201 , 
81.18 , 
4.8053e+10 , 
nan , 
372.303 , 
632.978 , 
49.6023 , 
nan , 
nan , 
46.3516 , 
nan , 
nan , 
nan , 
91.4646 , 
nan , 
45.6472 , 
nan , 
66.1791 , 
44.8277 , 
nan , 
nan , 
58.6079 , 
814.188 , 
329.482 , 
nan , 
nan , 
nan , 
nan , 
nan , 
nan , 
nan , 
1269.81 , 
688868 , 
nan , 
nan , 
nan , 
42.1655 , 
29.589 , 
nan , 
5.84781e+09 , 
nan , 
nan , 
44.6615 , 
45.2781 , 
100.895 , 
nan , 
nan , 
67.4888 , 
nan , 
nan , 
nan , 
nan , 
36.2187 , 
nan , 
nan , 
nan , 
nan , 
nan , 
370.127 , 
nan , 
1277.12 , 
nan , 
nan , 
nan , 
60.5208 , 
nan , 
nan , 
nan , 
nan , 
45.2044 , 
nan , 
57.1312 , 
nan , 
nan , 
nan , 
79.7232 , 
77.6962 , 
nan , 
129.765 , 
52.0479 , 
nan , 
nan , 
57.1312 , 
nan , 
nan , 
147285 , 
nan , 
676.42 , 
70.5454 , 
1166.75 , 
nan , 
38.9463 , 
nan , 
nan , 
33.9094 , 
57.1312 , 
46.5514 , 
1276.15 , 
221.1 , 
nan , 
nan , 
nan , 
nan , 
57.1312 , 
nan , 
nan , 
nan , 
nan , 
2277.58 , 
nan , 
103.041 , 
nan , 
58.0539 , 
nan , 
57.1312 , 
nan , 
nan , 
57.1312 , 
nan , 
nan , 
nan , 
57.1312 , 
nan , 
nan , 
124.791 , 
nan , 
nan , 
nan , 
440.782 , 
79.5461 , 
nan , 
nan , 
1008.84 , 
nan , 
nan , 
36.7866 , 
nan , 
57.1312 , 
486.173 , 
53.2372 , 
49.7765 , 
1669.72 , 
nan , 
39.0791 , 
nan , 
73.3936 , 
nan , 
93.3017 , 
42.5982 , 
56.5214 , 
nan , 
nan , 
nan , 
nan , 
63.7767 , 
nan , 
nan , 
44132 , 
nan , 
nan , 
nan , 
nan , 
nan , 
44.9483 , 
nan , 
nan , 
57.1312 , 
1668.73 , 
nan , 
nan , 
58.0085 , 
nan , 
58.8173 , 
nan , 
nan , 
370.647 , 
nan , 
nan , 
nan , 
56.8744 , 
nan , 
nan , 
7.22929e+09 , 
nan , 
nan , 
nan , 
69.9867 , 
nan , 
nan , 
60.3313 , 
nan , 
57.1312 , 
49.8628 , 
nan , 
nan , 
124.426 , 
nan , 
nan , 
104.018 , 
51.0021 , 
nan , 
nan , 
42.8405 , 
49.3441 , 
37.9735 , 
61.7302 , 
nan , 
nan , 
nan , 
nan , 
57.1312 , 
nan , 
nan , 
nan , 
nan , 
88.2784 , 
nan , 
nan , 
47.9848 , 
nan , 
nan , 
1669.16 , 
424.082 , 
41.9601 , 
45.3786 , 
nan , 
nan , 
164.394 , 
nan , 
57.1312 , 
nan , 
nan , 
371.307 , 
57.1312 , 
nan , 
nan , 
nan , 
nan , 
59.9346 , 
1668.09 , 
107.758 , 
40.5359 , 
77.3853 , 
61.2802 , 
34985 , 
47.3214 , 
nan , 
nan , 
nan , 
57.1312 , 
nan , 
nan , 
57.1312 , 
263.309 , 
nan , 
421.333 , 
57.1312 , 
141.202 , 
nan , 
nan , 
nan , 
45.9528 , 
nan , 
nan , 
nan , 
nan , 
nan , 
nan , 
nan , 
nan , 
nan , 
nan , 
nan , 
nan , 
40.1047 , 
34.6187 , 
nan , 
81.4554 , 
nan , 
nan , 
41.566 , 
33.9221 , 
40.4554 , 
43.6797 , 
362.53 , 
nan , 
nan , 
nan , 
nan , 
62.4635 , 
84.2004 , 
48.4677 , 
nan , 
128.137 , 
55.0459 , 
nan , 
nan , 
nan , 
nan , 
nan , 
nan , 
nan , 
57.1312 , 
nan , 
nan , 
nan , 
57.1312 , 
nan , 
nan , 
nan , 
nan , 
nan , 
nan , 
38.5266 , 
nan , 
57.1312 , 
nan , 
nan , 
nan , 
nan , 
40.2905 , 
nan , 
nan , 
92.7314 , 
nan , 
nan , 
nan , 
2277.84 , 
nan , 
nan , 
60.8165 , 
nan , 
nan , 
367.386 , 
nan , 
40.8407 , 
242214 , 
nan , 
nan , 
nan , 
42.2869 , 
nan , 
nan , 
nan , 
nan , 
40.4553 , 
nan , 
nan , 
nan , 
nan , 
nan , 
57.3495 , 
nan , 
nan , 
nan , 
65.9203 , 
nan , 
222.144 , 
nan , 
47.5881 , 
nan , 
nan , 
nan , 
nan , 
nan , 
nan , 
624650 , 
4923.2 , 
nan , 
57.1312 , 
64.6832 , 
nan , 
49.5559 , 
68.1641 , 
40.1553 , 
nan , 
nan , 
57.1312 , 
nan , 
nan , 
nan , 
53.5145 , 
nan , 
nan , 
293.665 , 
64.0114 , 
60.5711 , 
1005.38 , 
nan , 
34.8952 , 
nan , 
57.1312 , 
nan , 
nan , 
nan , 
nan , 
nan , 
nan , 
nan , 
nan , 
nan , 
nan , 
nan , 
2.75424e+06 , 
nan , 
48.9825 , 
nan , 
nan , 
nan , 
nan , 
116.713 , 
nan , 
40.0221 , 
nan , 
52.5534 , 
nan , 
123.609 , 
44.0537 , 
83.4584 , 
63.9124 , 
nan , 
328.44 , 
38.6583 , 
nan , 
73.2116 , 
nan , 
263.642 , 
60.5281 , 
nan , 
nan , 
41.5544 , 
36.5857 , 
nan , 
38.7852 , 
nan , 
nan , 
39.5575 , 
nan , 
nan , 
54.5727 , 
1272.07 , 
49.2728 , 
nan , 
57.1312 , 
nan , 
nan , 
118.708 , 
45.9325 , 
nan , 
455.052 , 
nan , 
nan , 
3.18392e+09 , 
nan , 
59.5626 , 
nan , 
nan , 
nan , 
nan , 
817.012 , 
nan , 
1252.85 , 
nan , 
nan , 
nan , 
57.1312 , 
nan , 
371.724 , 
3.62574e+09 , 
101.312 , 
nan , 
94.6885 , 
nan , 
nan , 
44.3385 , 
nan , 
nan , 
nan , 
90.1265 , 
nan , 
57.1312 , 
nan , 
nan , 
nan , 
57.1312 , 
nan , 
nan , 
134.914 , 
58.4254 , 
nan , 
nan , 
nan , 
46.8036 , 
nan , 
nan , 
38.5017 , 
86.5746 , 
nan , 
nan , 
nan , 
nan , 
50.9615 , 
1.3436e+09 , 
nan , 
nan , 
nan , 
80.0844 , 
128.876 , 
nan , 
57.1312 , 
nan , 
1005.23 , 
1669.29 , 
84.4424 , 
nan , 
nan , 
nan , 
nan , 
nan , 
nan , 
nan , 
nan , 
59.7224 , 
nan , 
nan , 
52.8176 , 
nan , 
99.5236 , 
44.6374 , 
nan , 
nan , 
nan , 
nan , 
nan , 
44.4211 , 
nan , 
nan , 
nan , 
nan , 
nan , 
57.1312 , 
40.0901 , 
nan , 
nan , 
nan , 
54.0257 , 
nan , 
nan , 
nan , 
91.6617 , 
41.6449 , 
119.311 , 
nan , 
nan , 
36.9753 , 
119.99 , 
42.4438 , 
45.1782 , 
448.19 , 
nan , 
75.8265 , 
nan , 
41.4125 , 
nan , 
nan , 
45.4753 , 
55.1931 , 
57.1312 , 
57.1312 , 
nan , 
42.1508 , 
nan , 
371.517 , 
nan , 
54.7122 , 
82.831 , 
1007.66 , 
73.6292 , 
57.1312 , 
nan , 
53.7282 , 
65.9727 , 
nan , 
nan , 
57.1312 , 
nan , 
nan , 
nan , 
nan , 
nan , 
150.81 , 
57.1312 , 
nan , 
39.5845 , 
1.31521e+08 , 
nan , 
57.1312 , 
nan , 
nan , 
127.654 , 
5086.69 , 
nan , 
nan , 
nan , 
387.439 , 
43.7958 , 
817.276 , 
nan , 
nan , 
nan , 
173.628 , 
49.1068 , 
nan , 
124.469 , 
43.5987 , 
nan , 
nan , 
nan , 
nan , 
79.6354 , 
nan , 
nan , 
57.1312 , 
nan , 
nan , 
nan , 
126.902 , 
nan , 
129.98 , 
1008.72 , 
nan , 
nan , 
54.3509 , 
92.6917 , 
nan , 
57.1312 , 
77.622 , 
nan , 
57.1312 , 
nan , 
nan , 
nan , 
nan , 
48.3946 , 
nan , 
328.946 , 
nan , 
nan , 
47.1459 , 
130.03 , 
nan , 
nan , 
43.4267 , 
8331.05 , 
1270.49 , 
nan , 
51.0901 , 
nan , 
40.2408 , 
134.055 , 
42.1706 , 
nan , 
nan , 
371.551 , 
nan , 
nan , 
nan , 
nan , 
nan , 
nan , 
61.5878 , 
nan , 
553804 , 
nan , 
nan , 
423.283 , 
57.1312 , 
43.4698 , 
nan , 
222.602 , 
nan , 
nan , 
nan , 
nan , 
57.1312 , 
57.1312 , 
nan , 
nan , 
95.0149 , 
nan , 
nan , 
nan , 
45.2311 , 
nan , 
57.1312 , 
nan , 
nan , 
46.2196 , 
33.0367 , 
nan , 
nan , 
128.963 , 
nan , 
nan , 
46.3424 , 
nan , 
426.181 , 
nan , 
60.0061 , 
nan , 
424.975 , 
nan , 
nan , 
92.0662 , 
nan , 
nan , 
nan , 
nan , 
203.707 , 
nan , 
nan , 
126.387 , 
nan , 
nan , 
39.4746 , 
nan , 
nan , 
nan , 
1007.39 , 
119.208 , 
nan , 
13434.7 , 
nan , 
nan , 
57.1312 , 
nan , 
nan , 
57.1312 , 
57.1312 , 
49.6914 , 
39.8247 , 
173.69 , 
nan , 
nan , 
nan , 
nan , 
45.2853 , 
nan , 
nan , 
nan , 
45.7309 , 
57.1312 , 
nan , 
46.5832 , 
nan , 
nan , 
nan , 
nan , 
57.1312 , 
1277.42 , 
nan , 
nan , 
327.925 , 
nan , 
nan , 
45.5924 , 
nan , 
nan , 
9297.7 , 
33.1887 , 
nan , 
nan , 
nan , 
129.561 , 
180.857 , 
nan , 
32.2416 , 
51.2267 , 
222.508 , 
nan , 
nan , 
nan , 
nan , 
nan , 
nan , 
nan , 
nan , 
nan , 
nan , 
nan , 
nan , 
59.4753 , 
64.4964 , 
nan , 
50.2533 , 
57.1312 , 
424.896 , 
89.9897 , 
nan , 
nan , 
1002.27 , 
62.6471 , 
nan , 
135099 , 
nan , 
nan , 
nan , 
nan , 
nan , 
nan , 
nan , 
nan , 
128.213 , 
46.3219 , 
nan , 
201.206 , 
65.1591 , 
nan , 
66.1898 , 
nan , 
nan , 
203.806 , 
nan , 
1008.9 , 
nan , 
nan , 
43.0464 , 
nan , 
1008.96 , 
nan , 
37.1661 , 
nan , 
nan , 
nan , 
nan , 
67.2168 , 
nan , 
nan , 
47.7823 , 
4.0328e+07 , 
nan , 
nan , 
43.7388 , 
nan , 
nan , 
57.1312 , 
40.4881 , 
nan , 
327.877 , 
nan , 
762.275 , 
nan , 
nan , 
nan , 
49.2727 , 
nan , 
nan , 
54.305 , 
nan , 
nan , 
57.1312 , 
nan , 
nan , 
nan , 
nan , 
54.0063 , 
nan , 
42.9789 , 
nan , 
nan , 
nan , 
nan , 
nan , 
nan , 
57.1312 , 
48.5736 , 
nan , 
nan , 
nan , 
nan , 
nan , 
nan , 
5.88409e+08 , 
36.45 , 
56.0194 , 
96.3676 , 
nan , 
nan , 
nan , 
1.62272e+08 , 
nan , 
nan , 
125.483 , 
34.8633 , 
57.1312 , 
nan , 
nan , 
57.1312 , 
nan , 
nan , 
96.5912 , 
nan , 
56.7448 , 
nan , 
nan , 
57.1312 , 
nan , 
369.955 , 
nan , 
57.1312 , 
nan , 
57.1312 , 
nan , 
nan , 
nan , 
nan , 
nan , 
nan , 
39.0441 , 
nan , 
nan , 
nan , 
44.6234 , 
nan , 
nan , 
nan , 
57.1312 , 
nan , 
nan , 
nan , 
nan , 
nan , 
nan , 
nan , 
44.0672 , 
nan , 
nan , 
216.882 , 
67.7732 , 
5.56261e+14 , 
nan , 
nan , 
nan , 
nan , 
nan , 
nan , 
1008.41 , 
57.334 , 
76.5022 , 
nan , 
nan , 
nan , 
nan , 
nan , 
nan , 
43.4549 , 
1669.68 , 
nan , 
56.1396 , 
46.5329 , 
1277.62 , 
nan , 
nan , 
nan , 
nan , 
nan , 
nan , 
73.861 , 
5926.72 , 
66.9468 , 
460802 , 
53.7505 , 
nan , 
nan , 
66.2861 , 
nan , 
105.953 , 
nan , 
40.0268 , 
nan , 
nan , 
nan , 
nan , 
nan , 
57.1312 , 
nan , 
223.294 , 
nan , 
nan , 
39.8795 , 
91.4742 , 
nan , 
60.6236 , 
197.441 , 
nan , 
368.348 , 
nan , 
369.201 , 
nan , 
nan , 
nan , 
99.6961 , 
nan , 
57.1312 , 
55.0644 , 
53.2343 , 
1006.88 , 
nan , 
39.7989 , 
49.3243 , 
nan , 
nan , 
54.8118 , 
nan , 
nan , 
nan , 
nan , 
nan , 
41.0385 , 
57.1312 , 
nan , 
nan , 
51.0084 , 
nan , 
nan , 
52.5062 , 
2.75545e+07 , 
nan , 
45.4156 , 
29.2624 , 
nan , 
nan , 
57.1312 , 
46.9667 , 
nan , 
49.7306 , 
nan , 
nan , 
nan , 
nan , 
nan , 
nan , 
nan , 
47.4923 , 
51.4712 , 
58.7334 , 
119.867 , 
46.7188 , 
57.1312 , 
nan , 
nan , 
nan , 
nan , 
nan , 
nan , 
57.8824 , 
1277.54 , 
43.6622 , 
nan , 
nan , 
42.0342 , 
57.1312 , 
57.1312 , 
286.013 , 
90.182 , 
70.2176 , 
nan , 
57.1312 , 
nan , 
nan , 
49.7203 , 
nan , 
nan , 
nan , 
nan , 
57.1312 , 
1.92601e+11 , 
nan , 
68.0692 , 
nan , 
nan , 
nan , 
nan , 
nan , 
nan , 
45.5478 , 
57.1312 , 
58.0691 , 
nan , 
nan , 
nan , 
47.2994 , 
nan , 
1374.04 , 
52.0198 , 
nan , 
71.2037 , 
nan , 
nan , 
38.4675 , 
nan , 
103.856 , 
1317.91 , 
53.3624 , 
nan , 
57.1312 , 
nan , 
nan , 
135.892 , 
nan , 
nan , 
2277.47 , 
129.134 , 
nan , 
nan , 
57.1312 , 
40.453 , 
nan , 
nan , 
139.107 , 
nan , 
101.91 , 
47.0112 , 
nan , 
39.3377 , 
nan , 
nan , 
48.2179 , 
nan , 
45.6999 , 
43.2439 , 
nan , 
nan , 
nan , 
57.1312 , 
nan , 
370.621 , 
nan , 
59.2738 , 
nan , 
nan , 
nan , 
nan , 
nan , 
nan , 
nan , 
40.6817 , 
nan , 
51.3454 , 
nan , 
2277.24 , 
nan , 
nan , 
nan , 
nan , 
57.1312 , 
nan , 
56.3262 , 
68.3487 , 
nan , 
nan , 
nan , 
nan , 
nan , 
nan , 
1275.88 , 
1009.4 , 
nan , 
1006.19 , 
46.9275 , 
nan , 
nan , 
nan , 
nan , 
nan , 
122.06 , 
nan , 
nan , 
47.138 , 
nan , 
nan , 
nan , 
57.1312 , 
nan , 
42.931 , 
nan , 
nan , 
45.5946 , 
39.0812 , 
nan , 
63.4889 , 
nan , 
nan , 
nan , 
368.416 , 
370.525 , 
nan , 
nan , 
nan , 
nan , 
nan , 
56.3397 , 
nan , 
nan , 
46.459 , 
nan , 
129.885 , 
nan , 
nan , 
nan , 
57.1312 , 
1276.39 , 
69.0186 , 
nan , 
nan , 
nan , 
nan , 
457.366 , 
nan , 
57.7237 , 
nan , 
nan , 
nan , 
2277.57 , 
57.1312 , 
nan , 
nan , 
nan , 
nan , 
nan , 
nan , 
34.867 , 
39.9123 , 
nan , 
nan , 
57.1312 , 
57.1312 , 
nan , 
nan , 
nan , 
57.1312 , 
90.3087 , 
1276.67 , 
nan , 
nan , 
nan , 
36.7591 , 
385.845 , 
nan , 
nan , 
nan , 
nan , 
59.38 , 
57.1312 , 
nan , 
60.4967 , 
57.1312 , 
nan , 
42.4658 , 
nan , 
39.5368 , 
54.2798 , 
117.483 , 
48.7182 , 
40.9392 , 
67.686 , 
nan , 
219.144 , 
nan , 
nan , 
nan , 
nan , 
nan , 
nan , 
nan , 
nan , 
nan , 
677.066 , 
nan , 
nan , 
49.7995 , 
3.41965e+10 , 
nan , 
60.5368 , 
115.4 , 
nan , 
nan , 
nan , 
65.2872 , 
371.192 , 
33.2335 , 
nan , 
nan , 
57.1312 , 
34.3734 , 
148.204 , 
nan , 
nan , 
nan , 
nan , 
39.2212 , 
55.4718 , 
56.4808 , 
nan , 
nan , 
42.4287 , 
73.0601 , 
nan , 
nan , 
49.1477 , 
57.1312 , 
nan , 
nan , 
55.7421 , 
59.5432 , 
47.2571 , 
nan , 
44.9792 , 
67.2601 , 
nan , 
nan , 
33.8132 , 
nan , 
nan , 
59.7456 , 
nan , 
nan , 
nan , 
367.806 , 
nan , 
nan , 
nan , 
nan , 
nan , 
nan , 
nan , 
nan , 
nan , 
nan , 
nan , 
55.7074 , 
92.4002 , 
nan , 
nan , 
nan , 
nan , 
nan , 
nan , 
nan , 
205.052 , 
nan , 
nan , 
287.05 , 
425.126 , 
nan , 
nan , 
nan , 
nan , 
nan , 
3.6877e+07 , 
nan , 
nan , 
nan , 
nan , 
36.0496 , 
nan , 
nan , 
nan , 
nan , 
2.52739e+06 , 
nan , 
85.5066 , 
nan , 
nan , 
68.5689 , 
57.1312 , 
nan , 
nan , 
nan , 
129.939 , 
2.79566e+09 , 
nan , 
nan , 
nan , 
nan , 
43.4783 , 
nan , 
nan , 
nan , 
57.1312 , 
nan , 
173.711 , 
58.6797 , 
nan , 
nan , 
nan , 
nan , 
nan , 
nan , 
nan , 
41.9688 , 
nan , 
nan , 
1276.62 , 
nan , 
77.7455 , 
55.4557 , 
57.1312 , 
nan , 
95.1494 , 
nan , 
58.2668 , 
nan , 
49.1557 , 
113.343 , 
57.1312 , 
nan , 
57.1312 , 
nan , 
43.2154 , 
nan , 
nan , 
44.0428 , 
57.1312 , 
nan , 
nan , 
1277.41 , 
nan , 
101.055 , 
43.335 , 
nan , 
1277.38 , 
80.0959 , 
nan , 
nan , 
nan , 
1669.65 , 
nan , 
nan , 
nan , 
2277.35 , 
nan , 
211.623 , 
nan , 
46.826 , 
nan , 
nan , 
nan , 
nan , 
nan , 
nan , 
nan , 
nan , 
134.605 , 
nan , 
351.372 , 
nan , 
366.214 , 
49.0761 , 
nan , 
nan , 
nan , 
58.2891 , 
49.4494 , 
nan , 
nan , 
38.1325 , 
nan , 
37.1675 , 
nan , 
nan , 
nan , 
nan , 
nan , 
127.932 , 
nan , 
nan , 
nan , 
nan , 
nan , 
nan , 
nan , 
nan , 
202.166 , 
nan , 
1276.86 , 
nan , 
57.3087 , 
nan , 
nan , 
1277.72 , 
nan , 
nan , 
57.1312 , 
96.8936 , 
57.1312 , 
67.3774 , 
nan , 
nan , 
200.558 , 
nan , 
40.5789 , 
nan , 
nan , 
nan , 
nan , 
46.9356 , 
48.0646 , 
nan , 
nan , 
138.431 , 
57.1312 , 
nan , 
114.191 , 
1008.73 , 
nan , 
nan , 
nan , 
1008.48 , 
nan , 
38.9891 , 
nan , 
nan , 
nan , 
nan , 
48.8083 , 
47.4388 , 
122.279 , 
nan , 
nan , 
86.0985 , 
nan , 
nan , 
nan , 
nan , 
47.9892 , 
nan , 
nan , 
nan , 
nan , 
nan , 
nan , 
nan , 
nan , 
nan , 
101.2 , 
nan , 
nan , 
361105 , 
64.0523 , 
nan , 
nan , 
nan , 
nan , 
44.1188 , 
38.3464 , 
nan , 
nan , 
nan , 
nan , 
42.5369 , 
2277.53 , 
nan , 
nan , 
nan , 
nan , 
nan , 
nan , 
nan , 
nan , 
40.4251 , 
369.967 , 
nan , 
nan , 
nan , 
78.5459 , 
204.242 , 
1663.44 , 
3358.25 , 
2271.22 , 
nan , 
54.5876 , 
nan , 
nan , 
57.1312 , 
37.128 , 
nan , 
nan , 
72.109 , 
nan , 
68.213 , 
nan , 
124.088 , 
nan , 
nan , 
nan , 
nan , 
nan , 
nan , 
nan , 
nan , 
nan , 
67.6982 , 
nan , 
nan , 
57.1312 , 
nan , 
57.1312 , 
40.7438 , 
nan , 
nan , 
236709 , 
nan , 
nan , 
95.0956 , 
44.7165 , 
nan , 
105.17 , 
76.3485 , 
63.7395 , 
nan , 
nan , 
85.2857 , 
nan , 
nan , 
nan , 
nan , 
nan , 
nan , 
nan , 
50.875 , 
nan , 
nan , 
93.3178 , 
76.5667 , 
nan , 
45.4042 , 
nan , 
nan , 
41.1362 , 
47.0273 , 
203.047 , 
57.1312 , 
222.006 , 
nan , 
nan , 
61.2957 , 
nan , 
nan , 
nan , 
nan , 
nan , 
nan , 
8.66192e+11 , 
43.7016 , 
90.1172 , 
36.4517 , 
nan , 
92.8941 , 
113.262 , 
nan , 
nan , 
47.4529 , 
nan , 
57.1312 , 
nan , 
5622.51 , 
379.597 , 
38.008 , 
nan , 
55.8826 , 
41.1906 , 
nan , 
nan , 
nan , 
nan , 
nan , 
nan , 
nan , 
nan , 
nan , 
nan , 
nan , 
49.173 , 
nan , 
nan , 
nan , 
nan , 
nan , 
1663.44 , 
nan , 
37.9215 , 
37.5375 , 
nan , 
39.8126 , 
39.0866 , 
68.0426 , 
2180.95 , 
44.0674 , 
43.1273 , 
nan , 
nan , 
nan , 
nan , 
125.896 , 
nan , 
64.4784 , 
125.319 , 
1669.66 , 
nan , 
43.3771 , 
nan , 
29.4607 , 
nan , 
57.1312 , 
38.9299 , 
1.71211e+07 , 
nan , 
nan , 
129.895 , 
57.1312 , 
nan , 
422.39 , 
nan , 
nan , 
nan , 
60.9764 , 
nan , 
57.1312 , 
96.0568 , 
nan , 
46.6584 , 
77.7988 , 
222.419 , 
nan , 
nan , 
48.2548 , 
nan , 
nan , 
nan , 
1008.56 , 
nan , 
nan , 
817.804 , 
31.4893 , 
1272.98 , 
55268.1 , 
nan , 
nan , 
nan , 
46.479 , 
nan , 
nan , 
104.604 , 
nan , 
nan , 
371.666 , 
57.1312 , 
nan , 
nan , 
nan , 
371.529 , 
nan , 
nan , 
nan , 
nan , 
nan , 
2277.6 , 
nan , 
nan , 
nan , 
nan , 
41.5854 , 
41.5025 , 
nan , 
nan , 
nan , 
nan , 
nan , 
nan , 
43.9645 , 
nan , 
nan , 
49.6593 , 
nan , 
nan , 
66.1138 , 
nan , 
47.9036 , 
35.5618 , 
nan , 
96.0326 , 
nan , 
57.1312 , 
nan , 
nan , 
nan , 
nan , 
111.688 , 
6.67203e+11 , 
49.2582 , 
67.956 , 
238.389 , 
nan , 
51.5364 , 
35.9594 , 
nan , 
nan , 
43.661 , 
62.761 , 
nan , 
188.003 , 
nan , 
41.3246 , 
42.5631 , 
nan , 
48.7252 , 
52.4291 , 
nan , 
nan , 
nan , 
nan , 
61.0604 , 
nan , 
nan , 
nan , 
nan , 
827822 , 
nan , 
588559 , 
126.45 , 
nan , 
51.3568 , 
44.254 , 
nan , 
nan , 
nan , 
418.794 , 
nan , 
nan , 
523002 , 
nan , 
387.399 , 
1008.88 , 
nan , 
nan , 
57.1312 , 
nan , 
57.1312 , 
2277.64 , 
nan , 
55.871 , 
nan , 
nan , 
nan , 
79.9008 , 
nan , 
366.025 , 
44.1529 , 
38.1929 , 
nan , 
95.1288 , 
nan , 
187.29 , 
1274.43 , 
3.92e+07 , 
nan , 
nan , 
77.1961 , 
nan , 
nan , 
nan , 
nan , 
81.852 , 
nan , 
nan , 
nan , 
nan , 
nan , 
nan , 
nan , 
54.8098 , 
nan , 
nan , 
nan , 
nan , 
nan , 
nan , 
nan , 
nan , 
nan , 
nan , 
nan , 
nan , 
nan , 
nan , 
nan , 
nan , 
nan , 
nan , 
nan , 
nan , 
nan , 
nan , 
1277.56 , 
nan , 
nan , 
65.786 , 
nan , 
54.2285 , 
nan , 
nan , 
nan , 
nan , 
180.913 , 
nan , 
nan , 
113.943 , 
421.077 , 
38.8801 , 
100.441 , 
nan , 
57.1312 , 
nan , 
183.651 , 
nan , 
46.9201 , 
1744.13 , 
nan , 
100.942 , 
nan , 
57.1312 , 
nan , 
nan , 
nan , 
370.461 , 
51.8594 , 
nan , 
52.8703 , 
nan , 
364.869 , 
nan , 
1669.78 , 
57.1312 , 
nan , 
158.711 , 
nan , 
66.3956 , 
nan , 
nan , 
nan , 
nan , 
4.80328e+11 , 
nan , 
nan , 
nan , 
57.1312 , 
54.2882 , 
nan , 
nan , 
nan , 
nan , 
70.3696 , 
nan , 
nan , 
nan , 
nan , 
57.1312 , 
166.976 , 
nan , 
nan , 
nan , 
nan , 
nan , 
nan , 
6.77196e+06 , 
nan , 
nan , 
61.4566 , 
57.1312 , 
1277.11 , 
nan , 
40.3707 , 
nan , 
nan , 
46.5264 , 
nan , 
nan , 
nan , 
nan , 
nan , 
nan , 
57.1312 , 
nan , 
nan , 
66.5916 , 
nan , 
49.1393 , 
nan , 
329.049 , 
nan , 
nan , 
129.43 , 
nan , 
nan , 
195.348 , 
nan , 
68.0199 , 
44.4703 , 
41.1684 , 
6543.95 , 
nan , 
nan , 
nan , 
70.6168 , 
43.6805 , 
nan , 
57.1312 , 
nan , 
nan , 
36.4165 , 
nan , 
nan , 
39.9065 , 
370.043 , 
nan , 
nan , 
nan , 
nan , 
nan , 
nan , 
nan , 
200.015 , 
33.0009 , 
nan , 
372.257 , 
nan , 
nan , 
57.1312 , 
nan , 
nan , 
nan , 
nan , 
nan , 
nan , 
nan , 
57.1312 , 
49.2594 , 
45.6297 , 
50.8183 , 
258.972 , 
nan , 
nan , 
nan , 
nan , 
nan , 
nan , 
nan , 
nan , 
66.9338 , 
nan , 
nan , 
8.51469e+06 , 
nan , 
nan , 
nan , 
177022 , 
40.0548 , 
nan , 
nan , 
nan , 
nan , 
nan , 
48.1067 , 
57.1312 , 
49.6186 , 
nan , 
57.1312 , 
nan , 
nan , 
48.0853 , 
67.9491 , 
57.1312 , 
nan , 
47.2265 , 
nan , 
nan , 
64.1044 , 
nan , 
66.2322 , 
42.8582 , 
nan , 
nan , 
53.5573 , 
nan , 
nan , 
nan , 
125.157 , 
117.147 , 
45.3062 , 
nan , 
nan , 
nan , 
nan , 
55.4467 , 
nan , 
nan , 
nan , 
nan , 
nan , 
nan , 
nan , 
nan , 
nan , 
nan , 
62.6841 , 
2277.04 , 
nan , 
nan , 
nan , 
nan , 
39.5313 , 
nan , 
nan , 
nan , 
nan , 
89.1879 , 
nan , 
57.1312 , 
57.1312 , 
nan , 
nan , 
nan , 
44.7367 , 
nan , 
95.1236 , 
nan , 
353593 , 
nan , 
57.1312 , 
nan , 
nan , 
nan , 
nan , 
62.3435 , 
nan , 
nan , 
nan , 
129.339 , 
128.778 , 
55.8582 , 
nan , 
121.855 , 
nan , 
42.691 , 
814.902 , 
38.2417 , 
nan , 
1.33041e+08 , 
1275.54 , 
nan , 
54.2322 , 
nan , 
nan , 
50.3544 , 
43.3979 , 
49.9 , 
nan , 
1147.91 , 
71.9277 , 
nan , 
nan , 
nan , 
nan , 
nan , 
57.1312 , 
nan , 
54.8034 , 
nan , 
nan , 
129.317 , 
57.1312 , 
nan , 
nan , 
57.1312 , 
nan , 
44.9997 , 
35.5138 , 
nan , 
nan , 
43.9658 , 
nan , 
63.6235 , 
57.1312 , 
nan , 
42.223 , 
44.853 , 
nan , 
38.5476 , 
nan , 
36.8909 , 
nan , 
nan , 
nan , 
nan , 
423.411 , 
nan , 
nan , 
nan , 
nan , 
nan , 
nan , 
100.203 , 
53.1633 , 
nan , 
nan , 
nan , 
nan , 
nan , 
nan , 
94.838 , 
nan , 
nan , 
nan , 
48.5151 , 
203.652 , 
59.7383 , 
2277.67 , 
nan , 
1277.46 , 
nan , 
nan , 
39.8451 , 
nan , 
59.8075 , 
nan , 
nan , 
nan , 
40.6067 , 
nan , 
57.1312 , 
nan , 
nan , 
nan , 
94.9512 , 
nan , 
42.6194 , 
80.2065 , 
9.85572e+06 , 
204.012 , 
96.7667 , 
nan , 
1008.68 , 
nan , 
nan , 
nan , 
nan , 
nan , 
nan , 
nan , 
nan , 
57.1312 , 
57.1312 , 
126.54 , 
nan , 
nan , 
nan , 
nan , 
179.524 , 
nan , 
nan , 
nan , 
nan , 
nan , 
nan , 
nan , 
nan , 
nan , 
127.644 , 
nan , 
124.984 , 
nan , 
9300.3 , 
57.1312 , 
nan , 
nan , 
nan , 
61.422 , 
nan , 
nan , 
34.0697 , 
57.1312 , 
nan , 
nan , 
nan , 
nan , 
nan , 
nan , 
nan , 
nan , 
77.3686 , 
1.37188e+07 , 
57.1312 , 
nan , 
nan , 
nan , 
1009.24 , 
137.479 , 
126.92 , 
203.308 , 
nan , 
nan , 
41.1379 , 
nan , 
nan , 
nan , 
57.1312 , 
nan , 
138.526 , 
481.686 , 
57.1312 , 
65.319 , 
nan , 
nan , 
158.22 , 
nan , 
nan , 
nan , 
57.7221 , 
222.766 , 
47.3662 , 
198.402 , 
1277.56 , 
nan , 
1008.32 , 
45.1093 , 
nan , 
246.158 , 
126.141 , 
35.2333 , 
91.3619 , 
nan , 
nan , 
nan , 
69.2664 , 
129.844 , 
nan , 
33664.3 , 
nan , 
nan , 
34.1545 , 
nan , 
nan , 
nan , 
nan , 
64.8662 , 
nan , 
nan , 
nan , 
nan , 
nan , 
nan , 
nan , 
1008.11 , 
63.8918 , 
nan , 
6793.79 , 
57.1312 , 
nan , 
nan , 
nan , 
44.4666 , 
nan , 
nan , 
nan , 
nan , 
47.113 , 
nan , 
126.95 , 
nan , 
nan , 
nan , 
nan , 
nan , 
nan , 
34.4078 , 
nan , 
57.1312 , 
nan , 
45.3921 , 
nan , 
45.8838 , 
nan , 
nan , 
46.743 , 
nan , 
1268.76 , 
nan , 
nan , 
57.9705 , 
nan , 
35.338 , 
46.1154 , 
56.4302 , 
nan , 
nan , 
57.1312 , 
nan , 
nan , 
nan , 
100.809 , 
44.4063 , 
nan , 
nan , 
97.2406 , 
nan , 
57.1312 , 
nan , 
nan , 
48.6544 , 
nan , 
nan , 
188.111 , 
nan , 
1008.72 , 
nan , 
57.1312 , 
nan , 
nan , 
54.8224 , 
nan , 
nan , 
415.911 , 
nan , 
nan , 
53.7684 , 
222.265 , 
2.05066e+06 , 
nan , 
nan , 
nan , 
56.3858 , 
60.7457 , 
129.879 , 
48.0788 , 
nan , 
nan , 
184.654 , 
187.462 , 
nan , 
57.1312 , 
nan , 
37.875 , 
nan , 
nan , 
55.6591 , 
nan , 
819.036 , 
128.776 , 
nan , 
285.907 , 
nan , 
nan , 
nan , 
41.8759 , 
57.1312 , 
72.7152 , 
55.0607 , 
248.526 , 
nan , 
nan , 
98.3915 , 
nan , 
38.0383 , 
nan , 
nan , 
nan , 
nan , 
nan , 
nan , 
55.6182 , 
nan , 
54.7808 , 
37.0288 , 
nan , 
nan , 
94.2663 , 
nan , 
48.5972 , 
4.94422e+07 , 
nan , 
35.5321 , 
38.2967 , 
nan , 
nan , 
nan , 
57.1312 , 
nan , 
nan , 
101.021 , 
104.166 , 
nan , 
nan , 
nan , 
nan , 
nan , 
nan , 
57.1312 , 
50.6811 , 
57.1312 , 
nan , 
370.546 , 
nan , 
nan , 
nan , 
nan , 
nan , 
nan , 
nan , 
57.1547 , 
nan , 
129.806 , 
nan , 
nan , 
nan , 
nan , 
1334.71 , 
nan , 
nan , 
nan , 
57.1312 , 
46.2827 , 
nan , 
nan , 
nan , 
60.7129 , 
814.479 , 
57.374 , 
121.868 , 
1008.05 , 
nan , 
nan , 
65.9404 , 
nan , 
126.929 , 
nan , 
49.3519 , 
2277.77 , 
nan , 
nan , 
nan , 
44.7919 , 
nan , 
46.136 , 
nan , 
nan , 
57.1312 , 
nan , 
nan , 
43.8963 , 
nan , 
1277.52 , 
nan , 
nan , 
77.5094 , 
129.936 , 
nan , 
134.096 , 
nan , 
144.441 , 
nan , 
100.519 , 
nan , 
nan , 
nan , 
nan , 
41.6834 , 
40.4407 , 
nan , 
60.0569 , 
569.952 , 
nan , 
57.1312 , 
nan , 
nan , 
511.665 , 
nan , 
51.8225 , 
nan , 
57.1312 , 
nan , 
44.456 , 
57.1312 , 
57.1312 , 
47.7041 , 
nan , 
nan , 
nan , 
nan , 
nan , 
nan , 
nan , 
nan , 
nan , 
134.658 , 
nan , 
nan , 
nan , 
nan , 
nan , 
nan , 
nan , 
44.275 , 
nan , 
nan , 
296.439 , 
nan , 
nan , 
nan , 
47.1207 , 
41.9695 , 
nan , 
43.4796 , 
2.14073e+09 , 
328.753 , 
1669.25 , 
nan , 
54.8568 , 
nan , 
nan , 
62.5978 , 
nan , 
nan , 
nan , 
nan , 
nan , 
nan , 
57.1312 , 
203.932 , 
nan , 
80.8162 , 
nan , 
46.4083 , 
56.7588 , 
nan , 
nan , 
47.4543 , 
nan , 
57.1312 , 
361.347 , 
nan , 
53.361 , 
nan , 
38.952 , 
nan , 
nan , 
nan , 
57.1312 , 
nan , 
nan , 
nan , 
nan , 
34.1954 , 
nan , 
nan , 
nan , 
56.043 , 
56.4919 , 
39.5691 , 
57.1312 , 
nan , 
nan , 
nan , 
nan , 
32.0442 , 
nan , 
nan , 
nan , 
99.8828 , 
nan , 
57.1312 , 
nan , 
nan , 
105.652 , 
nan , 
54.8963 , 
nan , 
57.1312 , 
nan , 
nan , 
nan , 
nan , 
nan , 
nan , 
nan , 
57.1312 , 
644710 , 
nan , 
1274 , 
50.3517 , 
nan , 
nan , 
7.46738e+10 , 
nan , 
1901.53 , 
nan , 
47.6534 , 
48.0153 , 
nan , 
nan , 
nan , 
40.9756 , 
nan , 
44.0137 , 
nan , 
nan , 
55.8835 , 
4.61415e+06 , 
nan , 
nan , 
nan , 
nan , 
nan , 
nan , 
nan , 
45.8697 , 
nan , 
nan , 
57.1312 , 
nan , 
nan , 
nan , 
68.056 , 
43.6083 , 
nan , 
nan , 
nan , 
55.3015 , 
nan , 
nan , 
58.4513 , 
3.70586e+10 , 
nan , 
nan , 
nan , 
301.658 , 
nan , 
44.4752 , 
49.1135 , 
nan , 
nan , 
nan , 
nan , 
nan , 
nan , 
nan , 
nan , 
nan , 
31.337 , 
57.209 , 
45.4522 , 
nan , 
41.7164 , 
84.2415 , 
52.3017 , 
128.079 , 
1275.61 , 
nan , 
420.285 , 
nan , 
2910.36 , 
nan , 
47.8009 , 
nan , 
47.5129 , 
nan , 
129.8 , 
nan , 
nan , 
57.1312 , 
nan , 
nan , 
57.1312 , 
57.1312 , 
nan , 
nan , 
125.233 , 
nan , 
57.1312 , 
nan , 
57.1312 , 
60.9816 , 
nan , 
99.1122 , 
49.4437 , 
nan , 
40.5855 , 
nan , 
6.31425e+08 , 
nan , 
nan , 
nan , 
85.6589 , 
nan , 
57.1312 , 
58.5517 , 
170.929 , 
nan , 
47.0051 , 
nan , 
nan , 
nan , 
36.8345 , 
40.345 , 
61.8747 , 
nan , 
1007.65 , 
nan , 
47.0211 , 
nan , 
nan , 
nan , 
71.268 , 
nan , 
nan , 
nan , 
nan , 
2277.76 , 
nan , 
68.4403 , 
nan , 
57.1312 , 
61.5997 , 
nan , 
130.218 , 
nan , 
nan , 
nan , 
nan , 
53.9951 , 
nan , 
nan , 
nan , 
90.9481 , 
nan , 
nan , 
59.6666 , 
67.8194 , 
57.1312 , 
nan , 
115.526 , 
nan , 
nan , 
57.1312 , 
nan , 
nan , 
nan , 
nan , 
nan , 
nan , 
nan , 
104.689 , 
nan , 
38.672 , 
nan , 
57.1312 , 
1277.42 , 
584.074 , 
nan , 
1669.63 , 
57.1312 , 
nan , 
37.8094 , 
nan , 
56.5308 , 
57.1312 , 
nan , 
nan , 
nan , 
38.5866 , 
68.3039 , 
nan , 
nan , 
nan , 
nan , 
nan , 
nan , 
nan , 
nan , 
nan , 
80.7161 , 
nan , 
122.089 , 
nan , 
nan , 
nan , 
490.763 , 
nan , 
97.3653 , 
129.989 , 
48.211 , 
nan , 
nan , 
nan , 
57.1312 , 
nan , 
177.754 , 
nan , 
nan , 
nan , 
57.1312 , 
370.964 , 
nan , 
nan , 
7743.91 , 
41.5969 , 
73.3033 , 
nan , 
138.602 , 
1008.29 , 
328.275 , 
nan , 
nan , 
nan , 
64.3473 , 
117.824 , 
57.1312 , 
nan , 
2276.08 , 
203.312 , 
nan , 
57.1312 , 
nan , 
nan , 
nan , 
nan , 
nan , 
nan , 
nan , 
nan , 
nan , 
96.4209 , 
nan , 
nan , 
41.3753 , 
nan , 
nan , 
129.235 , 
569.857 , 
46.9157 , 
55.1653 , 
nan , 
nan , 
34.2356 , 
nan , 
4.51889e+08 , 
131.33 , 
nan , 
nan , 
nan , 
nan , 
76.9726 , 
nan , 
nan , 
nan , 
nan , 
57.1312 , 
nan , 
nan , 
49.937 , 
nan , 
nan , 
nan , 
nan , 
nan , 
1050.89 , 
nan , 
nan , 
1967.56 , 
365.59 , 
nan , 
nan , 
nan , 
nan , 
nan , 
nan , 
57.1312 , 
46.604 , 
185.176 , 
42.3635 , 
nan , 
41.7836 , 
nan , 
42.0116 , 
63.9996 , 
nan , 
2287.84 , 
nan , 
nan , 
54.8435 , 
43.1934 , 
nan , 
60.3418 , 
nan , 
nan , 
55.7254 , 
nan , 
nan , 
37.1612 , 
nan , 
44.8203 , 
nan , 
nan , 
nan , 
nan , 
nan , 
nan , 
57.1312 , 
42.5793 , 
nan , 
nan , 
37.6711 , 
2271.03 , 
nan , 
57.1312 , 
nan , 
57.1312 , 
nan , 
1000.13 , 
195.915 , 
1271.69 , 
nan , 
nan , 
171.262 , 
nan , 
1668.55 , 
116.295 , 
135.17 , 
nan , 
nan , 
nan , 
37.4398 , 
327.969 , 
34.0284 , 
nan , 
57.1312 , 
nan , 
43.4499 , 
nan , 
123.822 , 
3.30111e+10 , 
81.9056 , 
57.1312 , 
nan , 
nan , 
nan , 
nan , 
nan , 
nan , 
57.1312 , 
49.8298 , 
nan , 
nan , 
203.647 , 
57.1312 , 
nan , 
nan , 
nan , 
nan , 
nan , 
nan , 
44.4497 , 
nan , 
nan , 
nan , 
nan , 
47.9657 , 
nan , 
96.7958 , 
40.8425 , 
37.9325 , 
nan , 
nan , 
nan , 
52.8265 , 
nan , 
54.1558 , 
nan , 
nan , 
nan , 
nan , 
42.4772 , 
nan , 
nan , 
nan , 
49.0895 , 
44.4037 , 
nan , 
nan , 
nan , 
nan , 
nan , 
nan , 
nan , 
nan , 
368.603 , 
96.2684 , 
nan , 
nan , 
nan , 
nan , 
nan , 
nan , 
nan , 
48.7055 , 
nan , 
nan , 
nan , 
nan , 
57.1312 , 
1008.05 , 
440.57 , 
66.1124 , 
1277.37 , 
nan , 
nan , 
95.094 , 
46.9427 , 
nan , 
73.078 , 
nan , 
nan , 
nan , 
2274.63 , 
nan , 
5.54228e+11 , 
nan , 
68.7747 , 
nan , 
nan , 
5.43467e+06 , 
38.808 , 
nan , 
69.5242 , 
58.7345 , 
96.5782 , 
nan , 
nan , 
46.6715 , 
nan , 
nan , 
nan , 
nan , 
416.543 , 
nan , 
nan , 
nan , 
nan , 
nan , 
nan , 
69.5127 , 
nan , 
nan , 
nan , 
nan , 
137.71 , 
139664 , 
nan , 
nan , 
nan , 
nan , 
60.7091 , 
nan , 
40.1841 , 
57.1312 , 
nan , 
nan , 
47.2086 , 
nan , 
nan , 
47.4488 , 
nan , 
nan , 
nan , 
nan , 
56.2396 , 
nan , 
66.3598 , 
40.391 , 
41.8702 , 
48.1134 , 
nan , 
43.2087 , 
nan , 
nan , 
nan , 
201.949 , 
47.5776 , 
nan , 
66.8695 , 
nan , 
nan , 
93.2221 , 
1277.31 , 
57.1312 , 
nan , 
1008.54 , 
nan , 
326.167 , 
1669.65 , 
57.1312 , 
nan , 
148.093 , 
1273.09 , 
nan , 
57.1312 , 
57.1312 , 
nan , 
nan , 
nan , 
nan , 
nan , 
nan , 
57.1312 , 
nan , 
nan , 
1277.74 , 
50.2815 , 
nan , 
nan , 
nan , 
nan , 
nan , 
81.0065 , 
57.1312 , 
nan , 
4.00335e+06 , 
nan , 
nan , 
nan , 
nan , 
nan , 
nan , 
328.087 , 
nan , 
nan , 
213.703 , 
nan , 
57.1312 , 
nan , 
202.81 , 
nan , 
nan , 
nan , 
nan , 
40.3618 , 
57.1312 , 
nan , 
nan , 
96.1709 , 
nan , 
200.075 , 
56.0579 , 
44.4366 , 
369.224 , 
49.3866 , 
nan , 
nan , 
nan , 
57.1312 , 
nan , 
nan , 
nan , 
nan , 
nan , 
nan , 
49.2502 , 
371.671 , 
nan , 
nan , 
123.566 , 
nan , 
85.8812 , 
53.4363 , 
nan , 
nan , 
nan , 
51.7893 , 
nan , 
nan , 
57.1312 , 
nan , 
91.4302 , 
nan , 
nan , 
nan , 
nan , 
nan , 
nan , 
59.2717 , 
nan , 
nan , 
nan , 
nan , 
nan , 
84.215 , 
nan , 
44.2324 , 
nan , 
nan , 
nan , 
nan , 
420.044 , 
37.8171 , 
nan , 
nan , 
64.4347 , 
57.1312 , 
44.681 , 
nan , 
nan , 
nan , 
nan , 
nan , 
88.955 , 
nan , 
57.1312 , 
47.7091 , 
nan , 
nan , 
nan , 
nan , 
3.82374e+10 , 
nan , 
368.489 , 
nan , 
46.0363 , 
nan , 
79.442 , 
nan , 
1669.77 , 
nan , 
nan , 
nan , 
nan , 
nan , 
nan , 
57.1312 , 
nan , 
nan , 
nan , 
nan , 
nan , 
57.948 , 
nan , 
nan , 
nan , 
57.1312 , 
nan , 
nan , 
nan , 
57.1312 , 
60.2963 , 
nan , 
1277.38 , 
nan , 
nan , 
49.8584 , 
nan , 
nan , 
nan , 
81.7629 , 
nan , 
62.5524 , 
57.1312 , 
184.947 , 
418.869 , 
nan , 
nan , 
nan , 
838.92 , 
nan , 
nan , 
57.1312 , 
nan , 
nan , 
57.1312 , 
32.9697 , 
nan , 
1009.42 , 
nan , 
53.5879 , 
39.5792 , 
nan , 
57.1312 , 
nan , 
79.6321 , 
49.4159 , 
57.1312 , 
nan , 
nan , 
89.3099 , 
nan , 
68.6978 , 
nan , 
nan , 
nan , 
7.23559e+08 , 
nan , 
nan , 
nan , 
nan , 
nan , 
nan , 
418.127 , 
nan , 
80.8859 , 
95.9035 , 
nan , 
nan , 
43.012 , 
94.0966 , 
nan , 
nan , 
57.1312 , 
208.831 , 
7.84097e+06 , 
nan , 
nan , 
nan , 
67.3869 , 
676.49 , 
1.09787e+09 , 
46.0179 , 
55.4141 , 
57.6901 , 
nan , 
36.4051 , 
1669.61 , 
nan , 
nan , 
6274.4 , 
nan , 
nan , 
nan , 
53.6319 , 
70.543 , 
nan , 
nan , 
nan , 
nan , 
nan , 
137.053 , 
815.481 , 
44.0621 , 
nan , 
nan , 
nan , 
nan , 
nan , 
57.1312 , 
nan , 
nan , 
nan , 
40.431 , 
nan , 
41.675 , 
69.6134 , 
180.085 , 
48.6941 , 
nan , 
nan , 
55.5926 , 
57.1312 , 
52.3334 , 
nan , 
nan , 
nan , 
nan , 
1004.87 , 
nan , 
328.817 , 
49.8845 , 
62.7864 , 
nan , 
671.094 , 
180.759 , 
1009.05 , 
47.5009 , 
nan , 
nan , 
nan , 
1009.05 , 
128.144 , 
nan , 
96.9684 , 
57.1312 , 
nan , 
nan , 
96.6876 , 
nan , 
43.9983 , 
nan , 
nan , 
nan , 
nan , 
nan , 
nan , 
nan , 
60.9277 , 
3.56944e+08 , 
nan , 
57.1312 , 
57.1312 , 
57.1312 , 
nan , 
nan , 
nan , 
nan , 
nan , 
nan , 
nan , 
nan , 
nan , 
49.8211 , 
nan , 
nan , 
nan , 
47.084 , 
nan , 
39.4119 , 
106.324 , 
nan , 
nan , 
nan , 
nan , 
nan , 
nan , 
nan , 
53.5517 , 
54.9629 , 
nan , 
nan , 
45.6221 , 
nan , 
nan , 
nan , 
129.799 , 
nan , 
71.3022 , 
nan , 
127.868 , 
nan , 
nan , 
nan , 
48.7403 , 
nan , 
nan , 
nan , 
nan , 
nan , 
203.939 , 
nan , 
nan , 
44.8754 , 
46.0908 , 
nan , 
44.3885 , 
74.8829 , 
nan , 
nan , 
128.841 , 
nan , 
82.1292 , 
nan , 
61.2893 , 
2270.33 , 
1996.84 , 
328.575 , 
44.891 , 
nan , 
nan , 
nan , 
nan , 
127.721 , 
nan , 
nan , 
nan , 
nan , 
128.647 , 
nan , 
nan , 
nan , 
128.173 , 
nan , 
nan , 
46.7153 , 
75.777 , 
101.529 , 
nan , 
nan , 
69057.4 , 
nan , 
57.1312 , 
nan , 
48.5277 , 
nan , 
nan , 
57.1312 , 
60.9365 , 
nan , 
nan , 
nan , 
nan , 
328.614 , 
129.021 , 
nan , 
nan , 
100.657 , 
nan , 
nan , 
nan , 
49.667 , 
95.9107 , 
74.2854 , 
nan , 
nan , 
nan , 
nan , 
nan , 
nan , 
nan , 
49.8413 , 
nan , 
371.97 , 
nan , 
nan , 
59.3535 , 
70.3069 , 
46.986 , 
113.038 , 
nan , 
nan , 
nan , 
nan , 
48.606 , 
nan , 
37.1119 , 
nan , 
nan , 
nan , 
nan , 
94.845 , 
36.8997 , 
nan , 
57.1312 , 
49.9337 , 
nan , 
nan , 
57.1312 , 
nan , 
134.008 , 
57.1312 , 
40.4058 , 
nan , 
nan , 
nan , 
nan , 
71.1853 , 
nan , 
nan , 
3.05936e+07 , 
57.1312 , 
nan , 
nan , 
57.1312 , 
nan , 
48.0223 , 
183283 , 
nan , 
nan , 
293.251 , 
nan , 
nan , 
43.3639 , 
nan , 
nan , 
366.02 , 
nan , 
127.205 , 
nan , 
nan , 
nan , 
nan , 
nan , 
57.1312 , 
nan , 
nan , 
326.641 , 
nan , 
56.4907 , 
nan , 
55.4978 , 
nan , 
nan , 
nan , 
44.633 , 
57.1312 , 
nan , 
128.378 , 
nan , 
nan , 
nan , 
57.1312 , 
320.653 , 
nan , 
nan , 
nan , 
nan , 
nan , 
43.198 , 
54.4043 , 
nan , 
nan , 
nan , 
nan , 
38.6956 , 
39.3807 , 
nan , 
nan , 
41.8188 , 
nan , 
nan , 
nan , 
66.2453 , 
57.1312 , 
nan , 
nan , 
nan , 
nan , 
nan , 
nan , 
220.745 , 
65.5464 , 
424.919 , 
91.6289 , 
nan , 
nan , 
nan , 
nan , 
57.1312 , 
57.1312 , 
118055 , 
57.1312 , 
34.1367 , 
nan , 
1.49489e+07 , 
13361.9 , 
nan , 
288.167 , 
nan , 
nan , 
nan , 
nan , 
nan , 
nan , 
nan , 
nan , 
57.1312 , 
48.3473 , 
1276.84 , 
nan , 
41.9741 , 
nan , 
126.412 , 
69.4608 , 
nan , 
nan , 
48.3263 , 
nan , 
nan , 
40.9146 , 
nan , 
nan , 
nan , 
nan , 
49.8529 , 
420.668 , 
nan , 
44.1234 , 
nan , 
72.675 , 
nan , 
nan , 
67.9076 , 
4.81107e+07 , 
nan , 
87.2268 , 
nan , 
nan , 
57.1312 , 
40.9104 , 
nan , 
nan , 
nan , 
47.5434 , 
nan , 
nan , 
105.147 , 
nan , 
57.1312 , 
nan , 
nan , 
nan , 
nan , 
nan , 
49.082 , 
57.1312 , 
203.617 , 
57.1312 , 
nan , 
48.74 , 
39.8391 , 
186.619 , 
nan , 
nan , 
nan , 
57.1312 , 
nan , 
nan , 
65.5964 , 
nan , 
42.3946 , 
nan , 
41.0114 , 
nan , 
136.695 , 
nan , 
63.8398 , 
nan , 
203.764 , 
46.2734 , 
nan , 
59.2795 , 
nan , 
nan , 
nan , 
nan , 
25339.5 , 
nan , 
nan , 
nan , 
nan , 
nan , 
57.1312 , 
nan , 
198.709 , 
nan , 
nan , 
nan , 
nan , 
47.3424 , 
39.3952 , 
nan , 
67.0964 , 
nan , 
37.826 , 
372.118 , 
67.5359 , 
nan , 
nan , 
371.166 , 
nan , 
2277.73 , 
nan , 
43.5769 , 
68.8822 , 
nan , 
nan , 
57.1312 , 
51.4678 , 
62.99 , 
nan , 
nan , 
nan , 
nan , 
nan , 
nan , 
40738.4 , 
70.2049 , 
nan , 
nan , 
328.085 , 
nan , 
nan , 
55.4012 , 
204.022 , 
nan , 
nan , 
67.5095 , 
nan , 
nan , 
57.1312 , 
32.2977 , 
nan , 
56.2417 , 
nan , 
nan , 
55.1151 , 
nan , 
nan , 
57.1312 , 
35.3688 , 
nan , 
nan , 
146464 , 
nan , 
570.148 , 
nan , 
nan , 
nan , 
42.0347 , 
80.4225 , 
nan , 
nan , 
nan , 
nan , 
nan , 
nan , 
nan , 
78.7191 , 
nan , 
1007.55 , 
1.42043e+10 , 
nan , 
nan , 
125.818 , 
1669.54 , 
nan , 
57.1312 , 
52.3264 , 
69.1904 , 
nan , 
nan , 
nan , 
34.536 , 
nan , 
164.12 , 
nan , 
nan , 
nan , 
nan , 
nan , 
nan , 
nan , 
nan , 
nan , 
nan , 
nan , 
nan , 
43.4216 , 
nan , 
nan , 
57.1312 , 
68.1781 , 
1669.37 , 
57.1312 , 
nan , 
42.2823 , 
1275.24 , 
nan , 
nan , 
nan , 
nan , 
nan , 
nan , 
40.5678 , 
129.436 , 
57.1312 , 
64.9062 , 
nan , 
nan , 
nan , 
nan , 
57.1312 , 
nan , 
61.9836 , 
nan , 
nan , 
nan , 
42.9538 , 
nan , 
nan , 
nan , 
nan , 
nan , 
nan , 
nan , 
57.1312 , 
44.0054 , 
223.01 , 
nan , 
nan , 
nan , 
nan , 
nan , 
nan , 
1669.7 , 
57.1312 , 
nan , 
57.1312 , 
43.0473 , 
328.868 , 
nan , 
nan , 
42.8118 , 
nan , 
nan , 
nan , 
1274.6 , 
nan , 
nan , 
59.7823 , 
326.316 , 
nan , 
2277.36 , 
57.1312 , 
nan , 
nan , 
nan , 
nan , 
129.085 , 
57.1312 , 
nan , 
nan , 
50.3742 , 
nan , 
293.371 , 
nan , 
48.4235 , 
42.6029 , 
56.0884 , 
nan , 
nan , 
52.2101 , 
218.591 , 
48.479 , 
nan , 
nan , 
nan , 
nan , 
60.5666 , 
125.351 , 
nan , 
78.9414 , 
nan , 
73.4046 , 
222.541 , 
55.8871 , 
nan , 
68.506 , 
nan , 
nan , 
nan , 
1.21693e+08 , 
nan , 
nan , 
49.3382 , 
nan , 
57.1312 , 
nan , 
49.0378 , 
nan , 
74.2672 , 
nan , 
57.1312 , 
nan , 
nan , 
nan , 
301.418 , 
nan , 
nan , 
39.8257 , 
nan , 
57.1312 , 
nan , 
nan , 
nan , 
nan , 
nan , 
nan , 
nan , 
nan , 
nan , 
368.895 , 
nan , 
nan , 
57.1312 , 
nan , 
nan , 
nan , 
nan , 
nan , 
nan , 
nan , 
nan , 
57.1312 , 
56.2027 , 
nan , 
nan , 
nan , 
42.6633 , 
2.88711e+10 , 
nan , 
1668.52 , 
37.2522 , 
nan , 
nan , 
38.0347 , 
99.0383 , 
nan , 
71.8935 , 
nan , 
nan , 
nan , 
nan , 
57.1312 , 
120.743 , 
58.9717 , 
nan , 
nan , 
122.787 , 
nan , 
nan , 
1669.59 , 
61.4266 , 
nan , 
nan , 
nan , 
nan , 
nan , 
50.2683 , 
nan , 
57.1312 , 
nan , 
nan , 
79.6962 , 
nan , 
nan , 
nan , 
36.1686 , 
243.227 , 
1.5285e+11 , 
nan , 
nan , 
96.7408 , 
106.367 , 
nan , 
nan , 
57.1312 , 
nan , 
1000.98 , 
nan , 
45.9689 , 
415.407 , 
nan , 
nan , 
49.0529 , 
nan , 
69.4444 , 
158.494 , 
nan , 
1669.55 , 
46.8939 , 
98.3189 , 
129.259 , 
nan , 
nan , 
nan , 
nan , 
nan , 
nan , 
44.9686 , 
51.8574 , 
nan , 
nan , 
128.653 , 
nan , 
36.6682 , 
112.053 , 
57.1312 , 
nan , 
nan , 
36.6228 , 
2277.77 , 
nan , 
nan , 
nan , 
88.0629 , 
75.8193 , 
66.2371 , 
60.7086 , 
138.112 , 
36.5697 , 
nan , 
2276.84 , 
40.2418 , 
nan , 
nan , 
nan , 
nan , 
57.1312 , 
nan , 
nan , 
nan , 
816.508 , 
62.7356 , 
67.0542 , 
nan , 
nan , 
nan , 
35.3898 , 
nan , 
nan , 
nan , 
nan , 
nan , 
372.022 , 
67.1095 , 
nan , 
373515 , 
nan , 
nan , 
nan , 
128.126 , 
nan , 
nan , 
nan , 
1008.6 , 
65.7347 , 
56.87 , 
nan , 
nan , 
nan , 
77.2616 , 
nan , 
nan , 
nan , 
57.1312 , 
nan , 
60.5919 , 
6790.74 , 
41.9587 , 
42.3583 , 
nan , 
nan , 
92.8965 , 
nan , 
nan , 
nan , 
51.6037 , 
35.1195 , 
nan , 
nan , 
43.4683 , 
nan , 
490.877 , 
69.9504 , 
nan , 
nan , 
nan , 
nan , 
nan , 
nan , 
nan , 
nan , 
371.638 , 
nan , 
32.2075 , 
nan , 
46.944 , 
nan , 
49179.5 , 
1.91422e+13 , 
nan , 
94.757 , 
nan , 
nan , 
2.33673e+06 , 
nan , 
63.7874 , 
66.4551 , 
nan , 
nan , 
56.2937 , 
57.1312 , 
122.13 , 
nan , 
nan , 
1.37185e+07 , 
nan , 
57.1312 , 
nan , 
58.2034 , 
43.0367 , 
36.2775 , 
570.36 , 
nan , 
nan , 
nan , 
nan , 
nan , 
nan , 
nan , 
57.1312 , 
68.2984 , 
46.2388 , 
nan , 
46.6061 , 
nan , 
nan , 
nan , 
nan , 
65.4465 , 
nan , 
57.0872 , 
nan , 
57.1312 , 
nan , 
70.0771 , 
nan , 
57.7048 , 
nan , 
nan , 
nan , 
nan , 
1276.99 , 
nan , 
nan , 
nan , 
nan , 
41.9406 , 
65.7391 , 
39.0292 , 
48.4095 , 
46.9009 , 
35.2742 , 
1004 , 
57.1312 , 
nan , 
nan , 
nan , 
nan , 
nan , 
nan , 
nan , 
nan , 
57.1312 , 
52.8719 , 
nan , 
954.589 , 
nan , 
nan , 
nan , 
33.2602 , 
48.6761 , 
nan , 
57.1312 , 
nan , 
814.945 , 
nan , 
58.6205 , 
nan , 
43.1568 , 
677.539 , 
366.187 , 
nan , 
90.0583 , 
nan , 
nan , 
nan , 
nan , 
nan , 
nan , 
nan , 
nan , 
48.8843 , 
nan , 
nan , 
184.323 , 
nan , 
nan , 
nan , 
134.197 , 
57.1312 , 
nan , 
nan , 
57.1312 , 
nan , 
90.0094 , 
329.051 , 
1271.96 , 
59.8713 , 
nan , 
nan , 
nan , 
370.867 , 
nan , 
nan , 
nan , 
nan , 
nan , 
370.341 , 
nan , 
nan , 
nan , 
nan , 
nan , 
48.1318 , 
nan , 
nan , 
57.1312 , 
nan , 
nan , 
nan , 
nan , 
48.1166 , 
47.4093 , 
129.939 , 
nan , 
nan , 
nan , 
41.6278 , 
nan , 
41.1459 , 
80.3701 , 
145.987 , 
917.335 , 
nan , 
nan , 
369.67 , 
nan , 
68.1394 , 
793.058 , 
44.8791 , 
nan , 
49.7303 , 
nan , 
84.9234 , 
nan , 
nan , 
96.181 , 
nan , 
57.1312 , 
nan , 
nan , 
57.1312 , 
119.282 , 
nan , 
55.5087 , 
57.8012 , 
nan , 
65.5076 , 
nan , 
nan , 
nan , 
182.17 , 
nan , 
nan , 
nan , 
nan , 
57.1312 , 
nan , 
nan , 
nan , 
nan , 
128.792 , 
nan , 
nan , 
89.4939 , 
60.1134 , 
nan , 
nan , 
nan , 
1008.71 , 
nan , 
nan , 
53.6308 , 
nan , 
1460.94 , 
nan , 
nan , 
57.1312 , 
40.7885 , 
nan , 
nan , 
nan , 
nan , 
nan , 
nan , 
37.4926 , 
nan , 
nan , 
nan , 
nan , 
129.934 , 
nan , 
nan , 
nan , 
366.965 , 
nan , 
nan , 
nan , 
3566.02 , 
nan , 
84.8391 , 
63.0326 , 
nan , 
39.7603 , 
nan , 
69.0034 , 
nan , 
65.4851 , 
nan , 
45.946 , 
nan , 
57.1312 , 
nan , 
nan , 
nan , 
45.9108 , 
nan , 
nan , 
nan , 
nan , 
87.3799 , 
nan , 
nan , 
65.3214 , 
nan , 
59.2792 , 
44.1083 , 
113.595 , 
nan , 
nan , 
nan , 
389.519 , 
nan , 
57.1312 , 
nan , 
nan , 
nan , 
nan , 
200.799 , 
125.226 , 
nan , 
96.1145 , 
7.51444e+10 , 
39.3023 , 
1665.23 , 
44.7593 , 
51.3078 , 
61.3305 , 
nan , 
47.4436 , 
nan , 
nan , 
39.1257 , 
57.1312 , 
1008.76 , 
57.1312 , 
nan , 
nan , 
nan , 
1009.09 , 
59.9222 , 
nan , 
55.5858 , 
nan , 
nan , 
183.953 , 
nan , 
nan , 
nan , 
nan , 
94.4622 , 
nan , 
20511.8 , 
nan , 
nan , 
nan , 
nan , 
nan , 
nan , 
nan , 
nan , 
40.272 , 
nan , 
nan , 
119.482 , 
62.2968 , 
nan , 
57.1312 , 
41.8301 , 
nan , 
nan , 
70.6985 , 
nan , 
nan , 
nan , 
nan , 
nan , 
nan , 
nan , 
nan , 
46.6136 , 
nan , 
nan , 
nan , 
nan , 
nan , 
nan , 
nan , 
nan , 
nan , 
nan , 
57.1312 , 
55.6665 , 
nan , 
nan , 
nan , 
44.9408 , 
35.2275 , 
nan , 
48.9213 , 
nan , 
nan , 
61.2053 , 
nan , 
nan , 
49.2955 , 
nan , 
nan , 
nan , 
nan , 
nan , 
1000.04 , 
nan , 
nan , 
nan , 
nan , 
263.836 , 
57.1312 , 
66.2012 , 
68.1638 , 
1343.87 , 
nan , 
nan , 
43.7168 , 
46.0609 , 
nan , 
nan , 
nan , 
41.0733 , 
nan , 
nan , 
44.4044 , 
nan , 
nan , 
nan , 
35.0456 , 
nan , 
nan , 
nan , 
nan , 
nan , 
nan , 
nan , 
2267.42 , 
nan , 
nan , 
nan , 
nan , 
nan , 
nan , 
nan , 
nan , 
nan , 
nan , 
nan , 
nan , 
383.598 , 
nan , 
nan , 
377.999 , 
2740.22 , 
34.2529 , 
nan , 
nan , 
262.09 , 
nan , 
nan , 
31.376 , 
37.2822 , 
nan , 
nan , 
57.1312 , 
nan , 
nan , 
1008.65 , 
48.8575 , 
nan , 
421.072 , 
nan , 
nan , 
49.4084 , 
nan , 
57.1312 , 
nan , 
49.8441 , 
369.096 , 
nan , 
nan , 
371.59 , 
69.896 , 
nan , 
49.0445 , 
nan , 
nan , 
nan , 
nan , 
nan , 
nan , 
1277.26 , 
89.022 , 
nan , 
45.1938 , 
nan , 
61.5735 , 
nan , 
nan , 
81.0124 , 
49.4824 , 
nan , 
57.1312 , 
66.6117 , 
nan , 
67.9655 , 
57.1312 , 
nan , 
nan , 
70.2847 , 
nan , 
96.6688 , 
57.1312 , 
nan , 
70.1201 , 
nan , 
nan , 
nan , 
2.18348e+12 , 
38.3698 , 
nan , 
125.181 , 
nan , 
nan , 
nan , 
203.03 , 
nan , 
1250.99 , 
nan , 
1669.14 , 
nan , 
nan , 
nan , 
57.1312 , 
nan , 
57.1312 , 
nan , 
nan , 
nan , 
nan , 
2844.84 , 
nan , 
45.1354 , 
nan , 
61.63 , 
nan , 
nan , 
48.1749 , 
40.1301 , 
75.6334 , 
122.336 , 
57.1312 , 
nan , 
250206 , 
nan , 
nan , 
222.276 , 
nan , 
nan , 
51.986 , 
43.4233 , 
nan , 
nan , 
41.055 , 
nan , 
nan , 
nan , 
nan , 
372.034 , 
nan , 
2272.29 , 
nan , 
47.8434 , 
nan , 
57.1312 , 
nan , 
nan , 
nan , 
nan , 
52.3462 , 
46.5086 , 
nan , 
62.6626 , 
71.5057 , 
nan , 
nan , 
48.1789 , 
nan , 
nan , 
nan , 
126.794 , 
nan , 
nan , 
nan , 
329.035 , 
nan , 
nan , 
60.6129 , 
nan , 
nan , 
nan , 
nan , 
nan , 
nan , 
nan , 
77.3937 , 
nan , 
nan , 
nan , 
364.21 , 
nan , 
34.7441 , 
nan , 
nan , 
nan , 
nan , 
366.764 , 
57.1312 , 
nan , 
nan , 
nan , 
nan , 
57.1312 , 
1008.23 , 
817.473 , 
nan , 
46.9772 , 
nan , 
nan , 
nan , 
nan , 
45.7801 , 
225.187 , 
nan , 
19186.8 , 
nan , 
nan , 
nan , 
118.195 , 
73.9599 , 
nan , 
nan , 
nan , 
nan , 
nan , 
nan , 
nan , 
nan , 
71.2776 , 
nan , 
nan , 
nan , 
nan , 
72.5652 , 
42.9086 , 
nan , 
1669.7 , 
nan , 
nan , 
57.1312 , 
422.887 , 
184.744 , 
31.9414 , 
100.969 , 
114.676 , 
326.495 , 
nan , 
nan , 
nan , 
93.5505 , 
nan , 
nan , 
nan , 
1.37186e+07 , 
nan , 
nan , 
nan , 
57.1312 , 
nan , 
nan , 
nan , 
nan , 
7623.45 , 
48.1147 , 
nan , 
370.874 , 
2277.69 , 
1275.7 , 
46.2672 , 
nan , 
nan , 
371.868 , 
nan , 
57.1312 , 
nan , 
96.2669 , 
nan , 
nan , 
nan , 
nan , 
nan , 
nan , 
nan , 
nan , 
nan , 
1008.06 , 
nan , 
nan , 
nan , 
nan , 
114.591 , 
nan , 
nan , 
nan , 
97.002 , 
36.718 , 
nan , 
57.1312 , 
39.8642 , 
38.7214 , 
55.2715 , 
48.3483 , 
673.713 , 
nan , 
57.1312 , 
48.5774 , 
nan , 
nan , 
nan , 
34.4253 , 
46.7112 , 
48.2195 , 
nan , 
nan , 
617.608 , 
nan , 
nan , 
nan , 
nan , 
nan , 
57.1312 , 
nan , 
nan , 
58.7834 , 
nan , 
130.674 , 
nan , 
57.1312 , 
nan , 
nan , 
nan , 
39.0312 , 
nan , 
119894 , 
186.697 , 
nan , 
nan , 
126.69 , 
nan , 
nan , 
57.1312 , 
104.112 , 
nan , 
nan , 
nan , 
nan , 
42.968 , 
129.812 , 
nan , 
57.1312 , 
51.0186 , 
4.08461e+10 , 
423.618 , 
nan , 
60.8099 , 
80.4938 , 
57.1312 , 
nan , 
nan , 
1.45555e+09 , 
nan , 
nan , 
39.3116 , 
114.549 , 
1009.05 , 
nan , 
nan , 
nan , 
424.533 , 
96.3083 , 
nan , 
nan , 
nan , 
nan , 
nan , 
nan , 
nan , 
nan , 
nan , 
68.2477 , 
nan , 
43.4306 , 
nan , 
nan , 
nan , 
1669.53 , 
nan , 
nan , 
49.7825 , 
6042 , 
36.5537 , 
nan , 
nan , 
nan , 
nan , 
nan , 
121434 , 
nan , 
48.7554 , 
101.276 , 
nan , 
7837.26 , 
nan , 
95.4061 , 
nan , 
nan , 
nan , 
nan , 
38.5091 , 
nan , 
nan , 
nan , 
nan , 
nan , 
nan , 
nan , 
nan , 
1277.65 , 
nan , 
nan , 
nan , 
nan , 
nan , 
nan , 
48.4579 , 
nan , 
nan , 
62.0329 , 
nan , 
71.9624 , 
nan , 
57.1312 , 
nan , 
nan , 
372.054 , 
57.1312 , 
nan , 
nan , 
12713.6 , 
48.0755 , 
nan , 
1008.6 , 
9.96003e+06 , 
95.9803 , 
nan , 
nan , 
96.5734 , 
44.4369 , 
nan , 
57.1312 , 
nan , 
nan , 
nan , 
nan , 
nan , 
57.1312 , 
nan , 
nan , 
nan , 
nan , 
nan , 
nan , 
5.19709e+11 , 
41.5974 , 
nan , 
57.1312 , 
nan , 
nan , 
nan , 
nan , 
nan , 
569.859 , 
nan , 
nan , 
nan , 
57.1312 , 
nan , 
51.8308 , 
59.5497 , 
152.654 , 
nan , 
194.458 , 
49.5826 , 
nan , 
nan , 
116.241 , 
nan , 
57.1312 , 
nan , 
57.1312 , 
68.7752 , 
nan , 
2839.84 , 
nan , 
47.0067 , 
78.3786 , 
202.205 , 
nan , 
nan , 
nan , 
58.5015 , 
nan , 
nan , 
48.2072 , 
nan , 
65.1814 , 
53.5792 , 
nan , 
nan , 
nan , 
nan , 
nan , 
94.7457 , 
nan , 
74.4344 , 
nan , 
nan , 
56.6312 , 
185.355 , 
49.5594 , 
nan , 
nan , 
nan , 
nan , 
nan , 
38.013 , 
nan , 
38.4792 , 
nan , 
nan , 
nan , 
nan , 
nan , 
819.36 , 
414.614 , 
36.2849 , 
nan , 
nan , 
nan , 
98.1569 , 
2277.09 , 
54.0158 , 
1669.34 , 
nan , 
35.6754 , 
47.9032 , 
nan , 
nan , 
130.262 , 
45.7394 , 
nan , 
nan , 
nan , 
4.87576e+06 , 
nan , 
nan , 
nan , 
nan , 
nan , 
nan , 
42.5909 , 
386.53 , 
48.5109 , 
nan , 
370.809 , 
96.9071 , 
81.4575 , 
nan , 
nan , 
59.801 , 
nan , 
38.5862 , 
nan , 
nan , 
38.1155 , 
nan , 
85.3945 , 
1661.57 , 
53.7863 , 
54.0086 , 
98.4673 , 
nan , 
nan , 
nan , 
nan , 
64.2193 , 
48.6116 , 
nan , 
57.1312 , 
nan , 
57.1312 , 
nan , 
57.1312 , 
nan , 
nan , 
nan , 
nan , 
1006.36 , 
62.1794 , 
nan , 
nan , 
nan , 
153.03 , 
42.7378 , 
60.4278 , 
nan , 
95.3083 , 
52.2535 , 
nan , 
nan , 
nan , 
nan , 
nan , 
nan , 
43.7154 , 
2.26842e+06 , 
nan , 
nan , 
nan , 
nan , 
2.76278e+11 , 
nan , 
nan , 
nan , 
1.58958e+11 , 
nan , 
nan , 
nan , 
nan , 
nan , 
184.26 , 
nan , 
57.1312 , 
70.3754 , 
67.2517 , 
nan , 
67.4525 , 
817.496 , 
nan , 
55.1535 , 
49.5299 , 
135.663 , 
73.9788 , 
4.50452e+06 , 
nan , 
nan , 
nan , 
nan , 
nan , 
38.5899 , 
222.097 , 
54.497 , 
nan , 
nan , 
nan , 
nan , 
nan , 
nan , 
nan , 
nan , 
nan , 
nan , 
42.4615 , 
43.5814 , 
297.065 , 
nan , 
188.623 , 
51.5423 , 
62.12 , 
419.304 , 
nan , 
946632 , 
nan , 
nan , 
1667.38 , 
1004.44 , 
nan , 
nan , 
nan , 
nan , 
nan , 
57.1312 , 
nan , 
48.1498 , 
46.7711 , 
856421 , 
nan , 
nan , 
57.1312 , 
nan , 
nan , 
nan , 
nan , 
nan , 
nan , 
57.1312 , 
nan , 
nan , 
nan , 
158.192 , 
65.1137 , 
77.1375 , 
nan , 
nan , 
nan , 
43.4926 , 
202.677 , 
46.2627 , 
196.079 , 
nan , 
nan , 
nan , 
nan , 
nan , 
88.2759 , 
nan , 
nan , 
nan , 
nan , 
57.1312 , 
nan , 
128.148 , 
nan , 
68.1034 , 
nan , 
nan , 
nan , 
42.6535 , 
nan , 
nan , 
70.936 , 
nan , 
nan , 
54.1019 , 
37.4217 , 
61.171 , 
53.2666 , 
129.991 , 
nan , 
53.7591 , 
1009.08 , 
nan , 
49.5393 , 
nan , 
nan , 
741.943 , 
56.4999 , 
nan , 
nan , 
57.1312 , 
48.1318 , 
nan , 
122.663 , 
nan , 
nan , 
nan , 
nan , 
48.2319 , 
62.5239 , 
nan , 
nan , 
329.307 , 
nan , 
48.3297 , 
135.208 , 
nan , 
nan , 
nan , 
nan , 
36.3623 , 
1870.18 , 
159.804 , 
nan , 
47.0021 , 
57.1312 , 
121.376 , 
nan , 
38.2745 , 
45.2959 , 
nan , 
8358.04 , 
nan , 
144.38 , 
56.7571 , 
nan , 
nan , 
78.2945 , 
nan , 
137.082 , 
nan , 
288.169 , 
nan , 
46.6037 , 
nan , 
nan , 
nan , 
67.3586 , 
48.353 , 
nan , 
nan , 
37.8899 , 
nan , 
nan , 
222.407 , 
nan , 
nan , 
nan , 
nan , 
nan , 
nan , 
57.1312 , 
nan , 
185.578 , 
nan , 
nan , 
53.6143 , 
323.986 , 
nan , 
nan , 
nan , 
nan , 
nan , 
360.342 , 
nan , 
nan , 
nan , 
128.752 , 
nan , 
328.706 , 
nan , 
41.9279 , 
nan , 
48.1938 , 
nan , 
nan , 
nan , 
52.2448 , 
57.1312 , 
nan , 
nan , 
32.4248 , 
nan , 
nan , 
45.6237 , 
nan , 
nan , 
nan , 
365.66 , 
99.4291 , 
nan , 
nan , 
57.1312 , 
42.8898 , 
nan , 
nan , 
295.862 , 
78.142 , 
62.0742 , 
nan , 
3.21746e+10 , 
126.341 , 
425.004 , 
nan , 
56.5885 , 
nan , 
48.3619 , 
nan , 
67.8842 , 
nan , 
nan , 
nan , 
nan , 
nan , 
67.8758 , 
nan , 
50.0955 , 
nan , 
nan , 
71.9757 , 
127.748 , 
nan , 
371.366 , 
222.835 , 
2477.38 , 
nan , 
59.4825 , 
119.351 , 
nan , 
57.1312 , 
44.2487 , 
nan , 
nan , 
nan , 
nan , 
nan , 
57.1312 , 
57.1312 , 
nan , 
nan , 
325.85 , 
nan , 
nan , 
nan , 
nan , 
nan , 
nan , 
nan , 
nan , 
89.1163 , 
509.639 , 
43.1552 , 
57.1312 , 
59.9015 , 
nan , 
52.0923 , 
45.5943 , 
574.015 , 
2275.43 , 
nan , 
nan , 
45.3123 , 
1991.73 , 
nan , 
nan , 
nan , 
57.1312 , 
nan , 
nan , 
nan , 
nan , 
124.61 , 
nan , 
nan , 
nan , 
nan , 
477.104 , 
nan , 
nan , 
nan , 
nan , 
nan , 
nan , 
36.6759 , 
nan , 
nan , 
50.8951 , 
nan , 
nan , 
63.404 , 
nan , 
nan , 
nan , 
49.4941 , 
nan , 
nan , 
nan , 
40.8219 , 
nan , 
57.1312 , 
5.22998e+06 , 
56.1843 , 
nan , 
nan , 
54.95 , 
nan , 
nan , 
106.371 , 
nan , 
68.0408 , 
69.3156 , 
nan , 
81.4085 , 
64.9341 , 
nan , 
28.7162 , 
nan , 
203.829 , 
71.1388 , 
171.626 , 
43.8508 , 
42.0584 , 
1.28477e+07 , 
nan , 
57.1312 , 
nan , 
nan , 
nan , 
nan , 
46.4433 , 
89.6556 , 
nan , 
nan , 
nan , 
nan , 
49.1296 , 
nan , 
nan , 
50.8528 , 
nan , 
1008.27 , 
47.3795 , 
nan , 
6.16948e+07 , 
122.336 , 
nan , 
nan , 
nan , 
67.7261 , 
90.6623 , 
nan , 
nan , 
201.765 , 
1002.19 , 
49.2827 , 
nan , 
40.4829 , 
nan , 
nan , 
nan , 
nan , 
44.0105 , 
nan , 
nan , 
nan , 
nan , 
nan , 
nan , 
nan , 
nan , 
49.0855 , 
11541.7 , 
1008.49 , 
nan , 
nan , 
nan , 
68.1684 , 
nan , 
nan , 
46.7414 , 
nan , 
95.6081 , 
59.9347 , 
40.9934 , 
nan , 
122.655 , 
67.32 , 
nan , 
nan , 
nan , 
nan , 
nan , 
nan , 
nan , 
nan , 
57.1312 , 
nan , 
48.9626 , 
nan , 
48.2993 , 
nan , 
nan , 
nan , 
36.1849 , 
nan , 
nan , 
36.6288 , 
nan , 
nan , 
nan , 
nan , 
57.1312 , 
nan , 
38.2785 , 
nan , 
371.765 , 
101.074 , 
nan , 
nan , 
102.148 , 
171.296 , 
nan , 
nan , 
nan , 
203.982 , 
42.8768 , 
nan , 
nan , 
nan , 
57.1312 , 
nan , 
nan , 
nan , 
nan , 
57.1312 , 
nan , 
nan , 
nan , 
nan , 
204.022 , 
nan , 
57.1312 , 
nan , 
35.2362 , 
46.6714 , 
nan , 
nan , 
89.8062 , 
nan , 
nan , 
56.3808 , 
nan , 
nan , 
nan , 
nan , 
nan , 
1.41135e+06 , 
nan , 
104.219 , 
106.601 , 
39.5118 , 
355.567 , 
nan , 
2277.77 , 
nan , 
nan , 
301.871 , 
455.963 , 
46.1229 , 
nan , 
nan , 
49.6885 , 
nan , 
nan , 
74.0619 , 
nan , 
nan , 
nan , 
nan , 
700.685 , 
nan , 
45.1634 , 
nan , 
nan , 
nan , 
nan , 
nan , 
57.1312 , 
32.6764 , 
nan , 
nan , 
203.854 , 
nan , 
59.9446 , 
371.032 , 
nan , 
202.372 , 
nan , 
nan , 
47.7329 , 
57.1312 , 
nan , 
nan , 
81.8819 , 
nan , 
nan , 
nan , 
83.3015 , 
68.017 , 
nan , 
nan , 
nan , 
77.3547 , 
nan , 
1277.53 , 
nan , 
nan , 
nan , 
42.7821 , 
nan , 
nan , 
1274.81 , 
nan , 
57.1312 , 
nan , 
57.1312 , 
nan , 
38009.7 , 
nan , 
371.382 , 
nan , 
nan , 
57.1312 , 
57.553 , 
nan , 
nan , 
nan , 
nan , 
nan , 
nan , 
nan , 
80.2727 , 
36.3393 , 
nan , 
nan , 
121.837 , 
54.3971 , 
208995 , 
nan , 
nan , 
nan , 
57.1312 , 
nan , 
nan , 
1669.65 , 
nan , 
nan , 
nan , 
244.943 , 
nan , 
nan , 
46.0332 , 
nan , 
55.3212 , 
nan , 
30.2304 , 
63.7331 , 
40.8323 , 
363.683 , 
57.1312 , 
nan , 
nan , 
nan , 
nan , 
nan , 
42.2694 , 
nan , 
nan , 
57.1312 , 
nan , 
nan , 
37.1238 , 
nan , 
1008.91 , 
66.6808 , 
5.1901e+06 , 
52.0023 , 
nan , 
nan , 
57.1312 , 
nan , 
nan , 
nan , 
48.3733 , 
53.9478 , 
157.653 , 
nan , 
nan , 
nan , 
nan , 
nan , 
nan , 
nan , 
218.734 , 
57.1312 , 
nan , 
nan , 
34.1308 , 
nan , 
nan , 
nan , 
nan , 
46.6751 , 
366.12 , 
nan , 
nan , 
nan , 
nan , 
nan , 
46.2027 , 
nan , 
nan , 
nan , 
95.5986 , 
76.7679 , 
200.913 , 
82.4555 , 
1344.18 , 
nan , 
nan , 
nan , 
51.6597 , 
nan , 
57.1312 , 
nan , 
nan , 
nan , 
44.1258 , 
nan , 
nan , 
nan , 
nan , 
nan , 
nan , 
nan , 
nan , 
nan , 
nan , 
87.81 , 
44.661 , 
nan , 
nan , 
55.333 , 
nan , 
41.8131 , 
47.0497 , 
nan , 
97.1901 , 
nan , 
186.867 , 
nan , 
nan , 
39.9487 , 
nan , 
nan , 
2.313e+07 , 
456.74 , 
nan , 
nan , 
50.6308 , 
nan , 
nan , 
60.729 , 
818.335 , 
653.192 , 
48.7729 , 
nan , 
nan , 
nan , 
nan , 
nan , 
68.715 , 
nan , 
nan , 
nan , 
nan , 
nan , 
nan , 
nan , 
nan , 
nan , 
34.4582 , 
nan , 
128.958 , 
nan , 
32.0345 , 
nan , 
nan , 
nan , 
40.0671 , 
49.8917 , 
nan , 
nan , 
nan , 
nan , 
nan , 
67.9713 , 
46.0898 , 
nan , 
nan , 
93.2983 , 
nan , 
43.1565 , 
nan , 
nan , 
nan , 
49.011 , 
nan , 
44.2336 , 
nan , 
nan , 
363.858 , 
nan , 
57.1312 , 
57.1312 , 
41.4651 , 
nan , 
1.20664e+09 , 
57.1312 , 
nan , 
nan , 
57.1312 , 
47.5859 , 
nan , 
57.1312 , 
52.3289 , 
nan , 
57.1312 , 
nan , 
nan , 
51.9137 , 
nan , 
1008.61 , 
nan , 
nan , 
nan , 
367.171 , 
nan , 
nan , 
nan , 
nan , 
57.4949 , 
57.1312 , 
nan , 
38.4487 , 
nan , 
1665.35 , 
nan , 
nan , 
nan , 
69.3212 , 
nan , 
nan , 
nan , 
46.7638 , 
nan , 
65.4707 , 
nan , 
57.1312 , 
nan , 
nan , 
nan , 
nan , 
nan , 
nan , 
nan , 
5.05795e+08 , 
49.041 , 
41.6387 , 
50.6611 , 
184.718 , 
80.1084 , 
nan , 
nan , 
nan , 
nan , 
60.9628 , 
nan , 
41.0383 , 
42.6729 , 
nan , 
nan , 
nan , 
nan , 
80.309 , 
nan , 
68.883 , 
1666.97 , 
nan , 
1669.76 , 
nan , 
1274.78 , 
nan , 
nan , 
48.8448 , 
56.7545 , 
nan , 
1.37185e+07 , 
nan , 
nan , 
nan , 
nan , 
45.7902 , 
57.1312 , 
261.517 , 
nan , 
nan , 
57.1312 , 
52.3046 , 
nan , 
nan , 
nan , 
nan , 
nan , 
nan , 
nan , 
52.9296 , 
nan , 
38.3789 , 
nan , 
nan , 
11653.9 , 
nan , 
48.5601 , 
nan , 
nan , 
40.2498 , 
nan , 
438.745 , 
41.087 , 
nan , 
nan , 
49.0671 , 
67.3756 , 
63.0626 , 
nan , 
nan , 
nan , 
nan , 
nan , 
nan , 
nan , 
nan , 
1.99908e+07 , 
nan , 
nan , 
nan , 
52.8644 , 
nan , 
nan , 
79.9635 , 
nan , 
nan , 
nan , 
nan , 
nan , 
nan , 
nan , 
2277.77 , 
nan , 
nan , 
nan , 
nan , 
nan , 
nan , 
124.448 , 
nan , 
nan , 
nan , 
113.247 , 
57.1312 , 
nan , 
nan , 
42.8248 , 
66.348 , 
nan , 
nan , 
57.2034 , 
57.1312 , 
1667.72 , 
366.783 , 
nan , 
43.0637 , 
371.167 , 
57.1312 , 
nan , 
nan , 
52.0158 , 
129.73 , 
49.9664 , 
424.745 , 
60.992 , 
129.12 , 
nan , 
nan , 
2277.68 , 
nan , 
nan , 
nan , 
365.048 , 
nan , 
60.1757 , 
nan , 
nan , 
137.674 , 
57.1312 , 
nan , 
nan , 
nan , 
nan , 
nan , 
42.005 , 
nan , 
1274.47 , 
1008.96 , 
77.1727 , 
nan , 
nan , 
3471.62 , 
57.1312 , 
nan , 
98.5605 , 
nan , 
68.6224 , 
nan , 
nan , 
nan , 
nan , 
nan , 
nan , 
nan , 
21202.7 , 
422.006 , 
nan , 
3.17249e+06 , 
nan , 
nan , 
nan , 
48.2151 , 
299.368 , 
nan , 
nan , 
nan , 
57.1312 , 
3.06217e+06 , 
57.1312 , 
48.5242 , 
70.7202 , 
37.5645 , 
nan , 
nan , 
nan , 
50.0275 , 
58.1131 , 
124.075 , 
56.4163 , 
74.5244 , 
nan , 
nan , 
1003.31 , 
nan , 
nan , 
nan , 
nan , 
nan , 
57.1312 , 
57.1312 , 
nan , 
2.36606e+09 , 
444239 , 
nan , 
49.7689 , 
nan , 
370.347 , 
nan , 
45.648 , 
nan , 
nan , 
204.19 , 
67.7235 , 
nan , 
nan , 
42.3526 , 
nan , 
41.3671 , 
nan , 
nan , 
nan , 
203.839 , 
nan , 
7.6055e+11 , 
nan , 
60.488 , 
nan , 
nan , 
52.9668 , 
nan , 
107.492 , 
42.2258 , 
nan , 
nan , 
nan , 
nan , 
57.1312 , 
nan , 
433.147 , 
nan , 
nan , 
nan , 
65.9747 , 
nan , 
121.132 , 
nan , 
nan , 
461.35 , 
4.58425e+08 , 
47.6137 , 
44.1979 , 
nan , 
nan , 
4.59027e+10 , 
nan , 
57.1312 , 
47.983 , 
57.1312 , 
367.175 , 
817.765 , 
nan , 
68.5795 , 
nan , 
nan , 
nan , 
57.1312 , 
nan , 
nan , 
nan , 
39.8433 , 
3.78774e+06 , 
nan , 
44.1412 , 
nan , 
1277.42 , 
nan , 
nan , 
nan , 
65.5473 , 
nan , 
nan , 
422.498 , 
nan , 
46.3588 , 
nan , 
370.706 , 
48.9863 , 
300.501 , 
nan , 
2277.61 , 
369.987 , 
41.0957 , 
nan , 
nan , 
1006.52 , 
370.212 , 
nan , 
371.723 , 
nan , 
nan , 
nan , 
nan , 
nan , 
44.609 , 
nan , 
57.1312 , 
nan , 
nan , 
44.3421 , 
nan , 
nan , 
722401 , 
1274.29 , 
67.3725 , 
nan , 
nan , 
nan , 
1437.61 , 
nan , 
60.233 , 
nan , 
nan , 
476.443 , 
nan , 
nan , 
57.1312 , 
1277.53 , 
nan , 
nan , 
nan , 
121.927 , 
79.34 , 
nan , 
45.0878 , 
nan , 
nan , 
58.7643 , 
79.9657 , 
nan , 
nan , 
nan , 
nan , 
nan , 
827867 , 
1276.86 , 
57.1312 , 
57.1312 , 
57.1312 , 
69.2771 , 
68.7466 , 
2277.66 , 
96.8119 , 
nan , 
88.2592 , 
nan , 
nan , 
nan , 
46.1999 , 
nan , 
nan , 
105.395 , 
nan , 
nan , 
nan , 
nan , 
nan , 
1.23923e+06 , 
nan , 
nan , 
422.668 , 
nan , 
nan , 
nan , 
nan , 
nan , 
nan , 
nan , 
115.75 , 
nan , 
58.0497 , 
47.7957 , 
54.6988 , 
nan , 
nan , 
53.0083 , 
68.9064 , 
nan , 
nan , 
nan , 
32.0449 , 
1008.62 , 
nan , 
43.5972 , 
1006.12 , 
nan , 
nan , 
6.53786e+11 , 
nan , 
57.1312 , 
nan , 
nan , 
nan , 
676.45 , 
92.4963 , 
nan , 
57.1312 , 
nan , 
49.6619 , 
nan , 
nan , 
nan , 
nan , 
nan , 
1009.02 , 
nan , 
nan , 
nan , 
nan , 
nan , 
57.1312 , 
39.9211 , 
nan , 
52.4891 , 
57.1312 , 
44.0618 , 
60.0256 , 
nan , 
nan , 
nan , 
1276.99 , 
55.8796 , 
43.8859 , 
60.6877 , 
nan , 
nan , 
nan , 
nan , 
57.1312 , 
nan , 
220.342 , 
nan , 
91.6785 , 
nan , 
nan , 
nan , 
nan , 
nan , 
nan , 
nan , 
nan , 
nan , 
nan , 
64.052 , 
3.30113e+08 , 
202.408 , 
nan , 
nan , 
1008.08 , 
nan , 
nan , 
nan , 
nan , 
nan , 
nan , 
nan , 
76.7787 , 
nan , 
99.6361 , 
814.604 , 
nan , 
47.6138 , 
nan , 
nan , 
16552 , 
nan , 
nan , 
nan , 
nan , 
nan , 
nan , 
nan , 
nan , 
nan , 
9745.86 , 
nan , 
nan , 
58.4013 , 
55.3244 , 
nan , 
nan , 
nan , 
nan , 
nan , 
1667.97 , 
nan , 
57.1312 , 
nan , 
nan , 
nan , 
nan , 
nan , 
57.1312 , 
nan , 
51.7463 , 
nan , 
47.0435 , 
nan , 
nan , 
1669.54 , 
nan , 
47.1419 , 
nan , 
nan , 
nan , 
nan , 
nan , 
nan , 
nan , 
nan , 
nan , 
48.9594 , 
nan , 
nan , 
nan , 
nan , 
326.304 , 
nan , 
nan , 
42.877 , 
nan , 
nan , 
49.9732 , 
nan , 
nan , 
nan , 
nan , 
nan , 
45.0207 , 
nan , 
43.3272 , 
nan , 
60.281 , 
1008.01 , 
nan , 
57.1312 , 
nan , 
707.013 , 
nan , 
nan , 
nan , 
34.8568 , 
nan , 
40.0835 , 
nan , 
57.1312 , 
nan , 
91.5125 , 
48.9801 , 
nan , 
1653.68 , 
66.5766 , 
nan , 
371.892 , 
nan , 
57.1312 , 
nan , 
86.6812 , 
nan , 
43.9081 , 
nan , 
57.1312 , 
nan , 
1669.28 , 
57.1312 , 
nan , 
48.7358 , 
nan , 
nan , 
nan , 
nan , 
nan , 
nan , 
48.9154 , 
41.2564 , 
286.437 , 
41.1985 , 
60.6667 , 
nan , 
nan , 
nan , 
57.1312 , 
nan , 
nan , 
nan , 
nan , 
37.983 , 
nan , 
nan , 
nan , 
34.6123 , 
39.3235 , 
36.9666 , 
34.5916 , 
34.5853 , 
36.7536 , 
23.2168 , 
33.8182 , 
22.353 , 
22.5157 , 
386.252 , 
24.6434 , 
178.982 , 
19.9001 , 
19.6704 , 
377.558 , 
1249.76 , 
23.2005 , 
24.241 , 
24.3779 , 
23.1972 , 
23.1955 , 
24.1659 , 
21.1694 , 
21.5318 , 
22.0649 , 
21.7417 , 
34.8916 , 
21.4789 , 
25.7178 , 
21.2516 , 
1248.32 , 
18.1405 , 
1160.04 , 
17.8182 , 
18.556 , 
18.4985 , 
19.4513 , 
21.4585 , 
20.5633 , 
18.5089 , 
17.3515 , 
18.2124 , 
17.9295 , 
18.117 , 
15.9893 , 
31.8489 , 
18.4329 , 
16.5612 , 
17.6796 , 
17.5342 , 
17.1289 , 
17.3998 , 
17.8755 , 
25.7815 , 
17.4018 , 
18.9649 , 
18.448 , 
17.6533 , 
17.5179 , 
16.7876 , 
17.3519 , 
19.0402 , 
19.3307 , 
17.1999 , 
17.3161 , 
17.3984 , 
17.2881 , 
16.6525 , 
17.5125 , 
17.5211 , 
17.256 , 
16.6789 , 
16.7618 , 
15.6059 , 
17.4148 , 
16.7008 , 
16.8418 , 
16.5222 , 
16.6631 , 
16.5047 , 
16.7359 , 
18.0438 , 
17.1385 , 
16.7576 , 
16.7154 , 
18.1942 , 
17.2203 , 
17.4712 , 
17.4021 , 
17.0202 , 
17.8506 , 
16.9544 , 
16.889 , 
16.9201 , 
16.9613 , 
16.9164 , 
16.9625 , 
16.0704 , 
16.5305 , 
17.269 , 
17.3681 , 
17.4303 , 
16.0112 , 
17.8601 , 
17.4921 , 
16.5841 , 
16.5709 , 
16.0018 , 
16.6713 , 
15.8401 , 
16.4489 , 
17.6581 , 
15.9898 , 
16.7465 , 
16.4604 , 
16.2004 , 
16.5639 , 
16.9748 , 
16.9766 , 
16.634 , 
16.0268 , 
16.3265 , 
16.5832 , 
16.6003 , 
15.9157 , 
16.5281 , 
16.5498 , 
16.5684 , 
16.0624 , 
16.3699 , 
15.998 , 
15.9972 , 
17.5096 , 
15.8909 , 
16.2831 , 
16.364 , 
15.9323 , 
15.8341 , 
17.0328 , 
16.6807 , 
15.93 , 
15.9635 , 
15.9128 , 
16.5539 , 
15.9174 , 
17.4452 , 
16.5383 , 
15.9213 , 
15.9068 , 
16.3054 , 
16.2507 , 
15.9363 , 
16.3167 , 
15.9811 , 
16.3294 , 
16.344 , 
15.9836 , 
16.5778 , 
15.9065 , 
16.5435 , 
16.3649 , 
16.3997 , 
16.4225 , 
17.4224 , 
16.4266 , 
16.5088 , 
16.3661 , 
16.5539 , 
16.5134 , 
16.376 , 
16.4342 , 
16.3298 , 
16.3933 , 
16.361 , 
16.5618 , 
16.3173 , 
16.3835 , 
16.3823 , 
16.3208 , 
16.3428 , 
16.4223 , 
16.4256 , 
15.7754 , 
16.4291 , 
16.4241 , 
16.4005 , 
16.4136 , 
16.4419 , 
15.7766 , 
16.4516 , 
15.7792 , 
16.3916 , 
16.4427 , 
16.3917 , 
16.4128 , 
16.4205 , 
16.4004 , 
16.4367 , 
16.3941 , 
16.3824 , 
16.3822 , 
16.3872 , 
16.3906 , 
16.4095 , 
16.3885 , 
16.3902 , 
15.7666 , 
16.3841 , 
16.3811 , 
16.3837 , 
16.3879 , 
16.3859 , 
15.7712 , 
15.7715 , 
15.768 , 
16.4039 , 
16.3904 , 
16.3962 , 
15.7732 , 
16.394 , 
15.7764 , 
16.3917 , 
15.7774 , 
16.3954 , 
16.3926 , 
16.3983 , 
15.7722 , 
15.7723 , 
16.3951 , 
15.7743 , 
16.3943 , 
16.4043 , 
16.3993 , 
15.7715 , 
15.7742 , 
16.3991 , 
15.7771 , 
16.399 , 
15.7784 , 
16.4003 , 
16.4053 , 
15.7712 , 
15.775 , 
15.7737 , 
16.3991 , 
15.7742 , 
16.3998 , 
15.7764 , 
15.775 , 
15.6089 , 
15.6125 , 
15.7772 , 
15.6139 , 
15.6076 , 
15.7703 , 
15.6081 , 
15.7721 , 
15.6046 , 
15.6067 , 
15.6078 , 
15.6086 , 
15.6086 , 
15.6075 , 
15.6095 , 
15.6115 , 
15.6141 , 
15.6135 , 
15.7719 , 
15.612 , 
15.6051 , 
15.7685 , 
15.6114 , 
15.6038 , 
16.3856 , 
15.605 , 
16.3885 , 
15.6102 , 
16.3898 , 
15.6096 , 
15.6057 , 
15.6051 , 
15.6052 , 
15.6032 , 
16.3845 , 
16.3898 , 
15.6072 , 
16.3901 , 
15.6074 , 
15.6043 , 
15.6045 , 
16.3898 , 
15.6066 , 
16.3881 , 
15.6067 , 
16.3888 , 
15.6064 , 
16.3877 , 
15.6064 , 
16.3896 , 
15.6066 , 
15.6046 , 
16.3887 , 
15.6058 , 
16.3902 , 
15.6058 , 
16.3899 , 
15.6058 , 
15.6026 , 
16.3787 , 
15.6038 , 
16.3884 , 
15.6052 , 
16.3868 , 
15.606 , 
15.6046 , 
15.6038 , 
15.6032 , 
15.604 , 
15.6037 , 
15.6032 , 
15.6038 , 
15.6038 , 
15.6038 , 
15.6056 , 
15.6036 , 
15.6044 , 
15.6042 , 
15.6034 , 
16.3845 , 
15.6043 , 
15.6035 , 
15.6031 , 
16.3851 , 
15.6038 , 
15.6026 , 
15.6038 , 
15.6026 , 
15.603 , 
15.6029 , 
16.3863 , 
15.6031 , 
15.6019 , 
15.6005 , 
15.6024 , 
15.6017 , 
15.6011 , 
15.6019 , 
15.602 , 
16.3833 , 
15.6028 , 
15.6011 , 
15.601 , 
15.6005 , 
16.3829 , 
15.6015 , 
15.601 , 
16.3813 , 
15.6029 , 
15.601 , 
15.6017 , 
15.6016 , 
15.6009 , 
15.6012 , 
15.6014 , 
15.6006 , 
15.6006 , 
15.6011 , 
15.6017 , 
15.6011 , 
15.6011 , 
15.6016 , 
15.6011 , 
15.6007 , 
15.6004 , 
15.5996 , 
15.5995 , 
16.3819 , 
15.5999 , 
15.5991 , 
15.5985 , 
15.6002 , 
15.5994 , 
15.5992 , 
15.5991 , 
15.5989 , 
15.5981 , 
15.5971 , 
15.5982 , 
15.598 , 
15.5977 , 
15.5973 , 
15.5968 , 
15.595 , 
15.5972 , 
15.5971 , 
15.5971 , 
15.5956 , 
15.595 , 
15.5935 , 
15.5949 , 
15.595 , 
15.5941 , 
15.5943 , 
15.5942 , 
15.5932 , 
16.0244 , 
15.5928 , 
16.0239 , 
15.593 , 
15.5925 , 
16.024 , 
16.0254 , 
15.5958 , 
16.0255 , 
15.5951 , 
16.0253 , 
15.5951 , 
15.5929 , 
16.0257 , 
15.5951 , 
15.5925 , 
16.0244 , 
16.0255 , 
15.5941 , 
16.026 , 
15.5945 , 
16.0254 , 
15.5947 , 
16.026 , 
15.5943 , 
15.591 , 
16.0252 , 
16.026 , 
15.5941 , 
15.5925 , 
16.026 , 
15.5939 , 
15.5909 , 
15.5914 , 
16.0259 , 
15.5937 , 
15.5923 , 
16.0249 , 
15.5938 , 
16.0255 , 
15.5935 , 
16.0257 , 
15.5934 , 
16.0257 , 
15.5933 , 
16.0258 , 
15.5933 , 
16.0258 , 
15.5931 , 
16.0258 , 
15.5932 , 
15.5922 , 
16.0258 , 
15.593 , 
16.0258 , 
15.5929 , 
16.0258 , 
15.5929 , 
15.5922 , 
16.0257 , 
15.5929 , 
16.0258 , 
15.5928 , 
15.5922 , 
16.0257 , 
15.5924 , 
16.0257 , 
15.5923 , 
15.5921 , 
16.0256 , 
15.5912 , 
15.5921 , 
16.0257 , 
15.5926 , 
15.5923 , 
15.5907 , 
15.5906 , 
15.5923 , 
15.5922 , 
15.5918 , 
15.5923 , 
15.5923 , 
15.5908 , 
15.5908 , 
15.5908 , 
15.5918 , 
15.5922 , 
15.5922 , 
15.5906 , 
15.5921 , 
15.5908 , 
15.5919 , 
15.5906 , 
15.5923 , 
15.5907 , 
15.5906 , 
15.5906 , 
15.592 , 
15.5909 , 
15.5908 , 
15.5907 , 
15.5907 , 
15.5906 , 
16.0259 , 
15.5907 , 
15.5908 , 
15.5924 , 
15.5909 , 
15.5904 , 
15.5919 , 
15.5907 , 
15.592 , 
15.5907 , 
15.5907 , 
15.5905 , 
15.5905 , 
15.592 , 
15.5907 , 
15.5921 , 
15.5906 , 
15.5904 , 
15.592 , 
15.5919 , 
15.5907 , 
15.5905 , 
15.5905 , 
15.5919 , 
15.5906 , 
15.5906 , 
15.592 , 
15.5906 , 
15.592 , 
15.592 , 
15.5905 , 
15.592 , 
15.5921 , 
15.5905 , 
15.5905 , 
15.5906 , 
15.5905 , 
15.5906 , 
15.5906 , 
15.5905 , 
15.5904 , 
15.5905 , 
15.5905 , 
15.5911 , 
15.5921 , 
15.5905 , 
15.592 , 
15.5905 , 
15.592 , 
15.5905 , 
15.592 , 
15.5905 , 
15.5905 , 
15.5905 , 
15.5904 , 
15.5903 , 
15.5904 , 
15.5905 , 
15.592 , 
15.5905 , 
15.5905 , 
15.5904 , 
15.5904 , 
15.5904 , 
15.5905 , 
15.5905 , 
15.5905 , 
15.5904 , 
15.5904 , 
15.5905 , 
15.5905 , 
15.5905 , 
15.5904 , 
15.5904 , 
15.5904 , 
15.5905 , 
15.5905 , 
15.5904 , 
15.5905 , 
15.5905 , 
15.5904 , 
15.5904 , 
15.5904 , 
15.5905 , 
15.5905 , 
15.5904 , 
15.5904 , 
15.5903 , 
15.5904 , 
15.5904 , 
15.5905 , 
15.5905 , 
15.5904 , 
15.5919 , 
15.5905 , 
15.5905 , 
15.5904 , 
15.5904 , 
15.5904 , 
15.5904 , 
15.5904 , 
15.5904 , 
15.5904 , 
15.5904 , 
15.5904 , 
15.5904 , 
15.5929 , 
15.5904 , 
15.5904 , 
15.5904 , 
15.5904 , 
15.5904 , 
15.5904 , 
15.5903 , 
15.5919 , 
15.5904 , 
15.5904 , 
15.5904 , 
15.5904 , 
15.5904 , 
15.5901 , 
15.5904 , 
15.5904 , 
15.5903 , 
15.5904 , 
15.5905 , 
15.5904 , 
15.5904 , 
15.5904 , 
15.5904 , 
15.5904 , 
15.5904 , 
15.5905 , 
15.5904 , 
15.5904 , 
15.5904 , 
15.5918 , 
15.5904 , 
15.5904 , 
15.5901 , 
15.5904 , 
15.5903 , 
15.5904 , 
15.5904 , 
15.5904 , 
15.5904 , 
15.5904 , 
15.5904 , 
15.5904 , 
15.5904 , 
15.5903 , 
15.5904 , 
15.5904 , 
15.5926 , 
15.5903 , 
15.5904 , 
15.5905 , 
15.5904 , 
15.5904 , 
15.5904 , 
15.5905 , 
15.5901 , 
15.5904 , 
15.5904 , 
15.5904 , 
15.5904 , 
15.5904 , 
15.5904 , 
15.5904 , 
15.5904 , 
15.5904 , 
15.5904 , 
15.5904 , 
15.5904 , 
15.5904 , 
15.5904 , 
15.5904 , 
15.5901 , 
15.5901 , 
15.5905 , 
15.5919 , 
15.5904 , 
15.5904 , 
15.5904 , 
15.5904 , 
15.5904 , 
15.5904 , 
15.5904 , 
15.5904 , 
15.5904 , 
15.5907 , 
15.5904 , 
15.5904 , 
15.5904 , 
15.5904 , 
15.5901 , 
15.5904 , 
15.5901 , 
15.5904 , 
15.5904 , 
15.5904 , 
15.5905 , 
15.5904 , 
15.5907 , 
15.5904 , 
15.5904 , 
15.5905 , 
15.5904 , 
15.5904 , 
15.5904 , 
15.5904 , 
15.5905 , 
15.5904 , 
15.5904 , 
15.5904 , 
15.5904 , 
15.5904 , 
15.5901 , 
15.5901 , 
15.5904 , 
15.5904 , 
15.5904 , 
15.5916 , 
15.5904 , 
15.5904 , 
15.5904 , 
15.5901 , 
15.5904 , 
15.5907 , 
15.5904 , 
15.5905 , 
15.5905 , 
15.5904 , 
15.5905 , 
15.5904 , 
15.5904 , 
15.5905 , 
15.5905 , 
15.5905 , 
15.5901 , 
15.5904 , 
15.5905 , 
15.5904 , 
15.5905 , 
15.5907 , 
15.5904 , 
15.5905 , 
15.5904 , 
15.5904 , 
15.5904 , 
15.5904 , 
15.5904 , 
15.5904 , 
15.5901 , 
15.5901 , 
15.5901 , 
15.5901 , 
15.5901 , 
15.5904 , 
15.5904 , 
15.5904 , 
15.5904 , 
15.5901 , 
15.5904 , 
15.5904 , 
15.5901 , 
15.5904 , 
15.5905 , 
15.5904 , 
15.5904 , 
15.5904 , 
15.5901 , 
15.5901 , 
15.5901 , 
15.5904 , 
15.5904 , 
15.5901 , 
15.5901 , 
15.5904 , 
15.5901 , 
15.5904 , 
15.5904 , 
15.5904 , 
15.5901 , 
15.5904 , 
15.5904 , 
15.5901 , 
15.5901 , 
15.5904 , 
15.5904 , 
15.5904 , 
15.5904 , 
15.5901 , 
15.5901 , 
15.5905 , 
15.5901 , 
15.5904 , 
15.5904 , 
15.5901 , 
15.5901 , 
15.5901 , 
15.5904 , 
15.5904 , 
15.5901 , 
15.5901 , 
15.5907 , 
15.5901 , 
15.5901 , 
15.5901 , 
15.5904 , 
15.5904 , 
15.5901 , 
15.5904 , 
15.5901 , 
15.5907 , 
15.5901 , 
15.5901 , 
15.5901 , 
15.5901 , 
15.5907 , 
15.5901 , 
15.5901 , 
15.5901 , 
15.5901 , 
15.5904 , 
15.5904 , 
15.5901 , 
15.5901 , 
15.5901 , 
15.5901 , 
15.5901 , 
15.5901 , 
15.5901 , 
15.5901 , 
15.5904 , 
15.5901 , 
15.5901 , 
15.5901 , 
15.5904 , 
15.5907 , 
15.5901 , 
15.5904 , 
15.5901 , 
15.5904 , 
15.5901 , 
15.5901 , 
15.5901 , 
15.5901 , 
15.5901 , 
15.5901 , 
15.5901 , 
15.5901 , 
15.5901 , 
15.5904 , 
15.5904 , 
15.5901 , 
15.5901 , 
15.5905 , 
15.5904 , 
15.5904 , 
15.5904 , 
15.5901 , 
15.5901 , 
15.5901 , 
15.5901 , 
15.5901 , 
15.5901 , 
15.5901 , 
15.5901 , 
15.5901 , 
15.5901 , 
15.5901 , 
15.5901 , 
15.5904 , 
15.5901 , 
15.5901 , 
15.5904 , 
15.5901 , 
15.5901 , 
15.5901 , 
15.5901 , 
15.5901 , 
15.5901 , 
15.5901 , 
15.5901 , 
15.5901 , 
15.5901 , 
15.5901 , 
15.5907 , 
15.5901 , 
15.5907 , 
15.5901 , 
15.5904 , 
15.5901 , 
15.5907 , 
15.5901 , 
15.5901 , 
15.5901 , 
15.5904 , 
15.5901 , 
15.5901 , 
15.5901 , 
15.5901 , 
15.5901 , 
15.5901 , 
15.5901 , 
15.5901 , 
15.5901 , 
15.5901 , 
15.5901 , 
15.5901 , 
15.5901 , 
15.5901 , 
15.5901 , 
15.5901 , 
15.5901 , 
15.5901 , 
15.5901 , 
15.5901 , 
15.5901 , 
15.5901 , 
15.5901 , 
15.5901 , 
15.5901 , 
15.5901 , 
15.5901 , 
15.5901 , 
15.5901 , 
15.5901 , 
15.5907 , 
15.5901 , 
15.5901 , 
15.5907 , 
15.5901 , 
15.5901 , 
15.5901 , 
15.5901 , 
15.5901 , 
15.5901 , 
15.5901 , 
15.5907 , 
15.5901 , 
15.5907 , 
15.5901 , 
15.5901 , 
15.5901 , 
15.5901 , 
15.5901 , 
15.5901 , 
15.5901 , 
15.5901 , 
15.5901 , 
15.5901 , 
15.5901 , 
15.5901 , 
15.5901 , 
15.5901 , 
15.5901 , 
15.5901 , 
15.5901 , 
15.5901 , 
15.5901 , 
15.5901 , 
15.5901 , 
15.5901 , 
15.5901 , 
15.5901 , 
15.5901 , 
15.5901 , 
15.5901 , 
15.5901 , 
15.5901 , 
15.5901 , 
15.5901 , 
15.5901 , 
15.5907 , 
15.5901 , 
15.5901 , 
15.5901 , 
15.5901 , 
15.5901 , 
15.5901 , 
15.5901 , 
15.5901 , 
15.5901 , 
15.5901 , 
15.5901 , 
15.5901 , 
15.5901 , 
15.5901 , 
15.5901 , 
15.5901 , 
15.5901 , 
15.5901 , 
15.5901 , 
15.5901 , 
15.5901 , 
15.5901 , 
15.5901 , 
15.5901 , 
15.5901 , 
15.5901 , 
15.5901 , 
15.5901 , 
15.5901 , 
15.5901 , 
15.5901 , 
15.5901 , 
15.5901 , 
15.5901 , 
15.5901 , 
15.5901 , 
15.5901 , 
15.5901 , 
15.5901 , 
15.5901 , 
15.5901 , 
15.5901 , 
15.5901 , 
15.5901 , 
15.5901 , 
15.5901 , 
15.5901 , 
15.5901 , 
15.5901 , 
15.5901 , 
15.5901 , 
15.5901 , 
15.5901 , 
17.7961 , 
17.8003 , 
16.023 , 
15.5906 , 
16.9964 , 
33.3127 , 
19.1597 , 
19.038 , 
16.8583 , 
952.277 , 
17.4845 , 
695.567 , 
30.6006 , 
17.0829 , 
587.676 , 
450.913 , 
180.827 , 
2347.44 , 
39.8907 , 
39.8571 , 
74.0079 , 
21.299 , 
233.855 , 
23.7968 , 
916.921 , 
22.4334 , 
21.7708 , 
21.3183 , 
32.3938 , 
18.8858 , 
47.9018 , 
18.7323 , 
22.8405 , 
18.7575 , 
22.6255 , 
18.6525 , 
19.1669 , 
18.7216 , 
33.8887 , 
19.2727 , 
17.485 , 
17.5855 , 
15.5904 , 
15.5904 , 
16.6376 , 
17.0394 , 
16.9165 , 
17.7623 , 
16.4882 , 
17.2163 , 
16.6655 , 
17.539 , 
16.7868 , 
16.9871 , 
22.1736 , 
17.2695 , 
17.8789 , 
17.8315 , 
17.3832 , 
17.4573 , 
15.5892 , 
15.5904 , 
16.4871 , 
16.7597 , 
16.7657 , 
17.6851 , 
15.7725 , 
17.0047 , 
16.8625 , 
17.0407 , 
16.4554 , 
17.5589 , 
17.8772 , 
17.5115 , 
16.9227 , 
17.846 , 
17.4079 , 
17.7203 , 
17.412 , 
17.6896 , 
16.4606 , 
17.6371 , 
17.367 , 
17.7113 , 
17.4073 , 
15.5898 , 
16.3699 , 
17.445 , 
15.5899 , 
16.4255 , 
16.6619 , 
17.4003 , 
17.4535 , 
16.3198 , 
17.4494 , 
16.9563 , 
16.8923 , 
17.1501 , 
16.4614 , 
17.4236 , 
16.1625 , 
17.4161 , 
17.4511 , 
17.452 , 
15.5893 , 
16.3827 , 
16.4473 , 
15.5893 , 
16.4006 , 
16.4385 , 
17.3537 , 
17.3863 , 
16.3464 , 
15.5988 , 
17.3231 , 
16.4448 , 
17.6842 , 
17.3625 , 
15.7277 , 
16.0661 , 
16.0897 , 
16.0401 , 
16.1696 , 
16.1355 , 
16.0874 , 
15.7276 , 
16.1262 , 
16.1676 , 
16.2093 , 
15.6877 , 
16.3809 , 
15.716 , 
16.396 , 
16.1229 , 
15.6128 , 
15.6133 , 
15.6044 , 
15.635 , 
16.4535 , 
16.0798 , 
16.0722 , 
16.0723 , 
15.5892 , 
15.5972 , 
15.6014 , 
15.5892 , 
15.6012 , 
16.0662 , 
15.6009 , 
15.61 , 
16.0817 , 
15.5912 , 
16.0903 , 
16.0519 , 
16.0921 , 
15.6153 , 
16.3893 , 
16.0667 , 
16.3711 , 
16.0673 , 
16.3693 , 
16.0615 , 
16.3849 , 
16.0554 , 
16.3903 , 
16.0567 , 
16.4097 , 
15.6285 , 
16.3837 , 
15.6198 , 
16.3929 , 
15.6172 , 
16.3903 , 
15.6167 , 
16.3968 , 
15.6152 , 
16.402 , 
15.619 , 
16.3894 , 
15.6134 , 
15.5862 , 
16.4026 , 
16.3947 , 
15.6115 , 
16.3941 , 
15.6114 , 
16.4025 , 
15.6091 , 
16.3985 , 
15.6106 , 
16.3938 , 
15.6077 , 
16.026 , 
15.6066 , 
16.026 , 
15.6056 , 
16.3974 , 
15.6046 , 
16.0226 , 
15.6043 , 
16.3999 , 
15.604 , 
16.0265 , 
15.6034 , 
15.5896 , 
16.0266 , 
15.6009 , 
16.3963 , 
15.601 , 
16.0252 , 
15.6002 , 
16.3978 , 
15.5997 , 
16.0268 , 
15.5993 , 
16.3899 , 
15.5989 , 
15.5875 , 
15.5888 , 
16.3932 , 
15.5974 , 
15.5841 , 
16.4165 , 
15.5843 , 
16.3953 , 
15.5958 , 
16.3956 , 
15.596 , 
16.3929 , 
15.595 , 
16.3963 , 
15.5938 , 
15.5808 , 
15.5756 , 
15.5834 , 
16.3994 , 
15.5916 , 
16.3977 , 
15.5917 , 
15.5814 , 
16.3965 , 
15.589 , 
16.3974 , 
15.5889 , 
16.3501 , 
15.5879 , 
15.5843 , 
15.5824 , 
15.5798 , 
15.5807 , 
15.5788 , 
15.5768 , 
15.5771 , 
15.5762 , 
15.5728 , 
16.4397 , 
15.5744 , 
15.5756 , 
15.5738 , 
16.0189 , 
15.581 , 
15.5742 , 
15.571 , 
15.5657 , 
15.572 , 
15.5702 , 
15.566 , 
15.5657 , 
15.5643 , 
15.5649 , 
15.5657 , 
15.5638 , 
15.5577 , 
15.5652 , 
15.5612 , 
15.5601 , 
15.5582 , 
15.5549 , 
16.0149 , 
15.5564 , 
15.5568 , 
16.0163 , 
15.5671 , 
15.5525 , 
15.5456 , 
15.5541 , 
15.5487 , 
15.5486 , 
15.5504 , 
15.5465 , 
15.5444 , 
15.5415 , 
15.5477 , 
16.0157 , 
15.5546 , 
15.5441 , 
15.5434 , 
15.5414 , 
15.5426 , 
15.539 , 
16.478 , 
15.5436 , 
15.5463 , 
15.5408 , 
15.5472 , 
15.5384 , 
16.025 , 
15.5375 , 
15.5393 , 
15.5401 , 
15.5362 , 
16.0193 , 
16.0123 , 
15.5429 , 
15.5497 , 
15.5416 , 
16.0091 , 
15.5414 , 
16.0395 , 
15.54 , 
16.0237 , 
15.5412 , 
15.5352 , 
15.5339 , 
15.5384 , 
16.0142 , 
15.5414 , 
15.541 , 
15.538 , 
16.0184 , 
15.5398 , 
15.5369 , 
15.5366 , 
16.0269 , 
15.5405 , 
15.537 , 
15.535 , 
15.5351 , 
15.5362 , 
16.0249 , 
15.5386 , 
16.0135 , 
15.5385 , 
15.5361 , 
15.5335 , 
16.0253 , 
15.5342 , 
15.5323 , 
16.0147 , 
15.535 , 
16.0151 , 
15.5367 , 
15.531 , 
16.007 , 
15.5346 , 
15.5329 , 
16.0164 , 
15.5337 , 
15.5354 , 
15.5314 , 
15.5343 , 
16.4572 , 
15.5342 , 
15.5359 , 
15.534 , 
15.5322 , 
15.5325 , 
15.5327 , 
15.5328 , 
15.5362 , 
15.5331 , 
15.5311 , 
15.5317 , 
15.5322 , 
16.0175 , 
15.5334 , 
15.5287 , 
16.0115 , 
15.5317 , 
16.0131 , 
15.5314 , 
15.5314 , 
15.53 , 
15.5316 , 
15.536 , 
15.5323 , 
15.5308 , 
15.5338 , 
15.5314 , 
15.5296 , 
15.5318 , 
15.5275 , 
16.0084 , 
15.5323 , 
15.53 , 
15.5291 , 
15.5315 , 
15.5365 , 
15.5307 , 
15.5301 , 
15.5302 , 
15.5323 , 
15.5315 , 
15.5307 , 
15.5303 , 
15.5288 , 
15.5317 , 
15.5303 , 
15.5299 , 
15.5289 , 
15.5296 , 
15.5273 , 
15.5306 , 
15.5293 , 
15.5294 , 
15.5311 , 
15.5297 , 
15.5295 , 
15.528 , 
15.5291 , 
15.5296 , 
15.5289 , 
15.529 , 
15.5294 , 
15.527 , 
15.5283 , 
15.5301 , 
15.5287 , 
15.5277 , 
16.0079 , 
15.5283 , 
15.5294 , 
15.5295 , 
15.5299 , 
15.5276 , 
15.5285 , 
15.5288 , 
15.5294 , 
15.5292 , 
15.5282 , 
15.5279 , 
15.5286 , 
15.5288 , 
15.5292 , 
15.5287 , 
15.5282 , 
15.5293 , 
15.5282 , 
15.529 , 
15.5276 , 
15.5294 , 
15.5299 , 
15.5289 , 
15.5291 , 
15.5292 , 
15.5297 , 
15.5294 , 
15.5269 , 
15.529 , 
15.5282 , 
15.5299 , 
15.5292 , 
15.5292 , 
15.5294 , 
15.5296 , 
15.5277 , 
15.5271 , 
15.5292 , 
15.5271 , 
15.5275 , 
15.5276 , 
15.5274 , 
15.527 , 
15.5286 , 
15.5269 , 
15.5281 , 
15.5271 , 
15.5282 , 
15.5284 , 
15.5275 , 
15.5287 , 
15.527 , 
15.5294 , 
15.5274 , 
15.5288 , 
15.5291 , 
15.5278 , 
15.5284 , 
15.527 , 
15.5285 , 
15.5271 , 
15.527 , 
15.528 , 
15.5291 , 
15.528 , 
15.5285 , 
15.5287 , 
15.5276 , 
15.5275 , 
15.5284 , 
15.528 , 
15.5273 , 
15.527 , 
15.527 , 
15.5288 , 
15.5269 , 
15.527 , 
15.5284 , 
15.529 , 
15.529 , 
15.527 , 
15.527 , 
15.527 , 
15.5274 , 
15.5274 , 
15.5282 , 
15.5273 , 
15.5285 , 
15.5285 , 
15.5275 , 
15.5284 , 
15.527 , 
15.5285 , 
15.5288 , 
15.5285 , 
15.5284 , 
15.5271 , 
15.5273 , 
15.5285 , 
15.5284 , 
15.5269 , 
15.527 , 
15.5281 , 
15.5269 , 
15.5291 , 
15.5271 , 
15.5275 , 
15.5275 , 
15.5284 , 
15.527 , 
15.529 , 
15.527 , 
15.5269 , 
15.5269 , 
15.5288 , 
15.5285 , 
15.5284 , 
15.5284 , 
15.529 , 
15.529 , 
15.5286 , 
15.5284 , 
15.5274 , 
15.5284 , 
15.5284 , 
15.5281 , 
15.5279 , 
15.5283 , 
15.528 , 
15.5279 , 
15.5284 , 
15.5275 , 
15.5284 , 
15.528 , 
15.5265 , 
15.5282 , 
15.5271 , 
15.5272 , 
15.528 , 
15.5274 , 
15.5271 , 
15.5278 , 
15.5284 , 
15.5265 , 
15.5276 , 
15.5274 , 
15.5285 , 
15.5282 , 
15.5276 , 
15.5271 , 
15.5271 , 
15.5271 , 
15.527 , 
15.5272 , 
15.5277 , 
15.5269 , 
15.5271 , 
15.5281 , 
15.528 , 
15.5277 , 
15.5283 , 
15.5275 , 
15.5277 , 
15.5279 , 
15.5285 , 
15.528 , 
15.528 , 
15.5283 , 
15.5271 , 
15.5265 , 
15.5266 , 
15.5281 , 
15.5264 , 
15.5275 , 
15.5265 , 
15.5265 , 
15.5272 , 
15.5282 , 
15.5271 , 
15.5269 , 
15.5276 , 
15.5273 , 
15.5274 , 
15.5265 , 
15.5267 , 
15.5272 , 
15.5269 , 
15.5284 , 
15.5272 , 
15.5274 , 
15.5271 , 
15.5265 , 
15.5269 , 
15.5284 , 
15.5272 , 
15.528 , 
15.5273 , 
15.5265 , 
15.5278 , 
15.5278 , 
15.5279 , 
15.5271 , 
15.5266 , 
15.5269 , 
15.5264 , 
15.5271 , 
15.5266 , 
15.5268 , 
15.5265 , 
15.527 , 
15.528 , 
15.5266 , 
15.5272 , 
15.5265 , 
15.5265 , 
15.5279 , 
15.528 , 
15.5268 , 
15.5265 , 
15.5265 , 
15.5265 , 
15.5265 , 
15.5265 , 
15.5273 , 
15.5265 , 
15.5265 , 
15.5265 , 
15.528 , 
15.5272 , 
15.5271 , 
15.5265 , 
15.5265 , 
15.5265 , 
15.527 , 
15.528 , 
15.528 , 
15.5275 , 
15.5269 , 
15.527 , 
15.5269 , 
15.5265 , 
15.5274 , 
15.5265 , 
15.5264 , 
15.5265 , 
15.5269 , 
15.5265 , 
15.5265 , 
15.5291 , 
15.5265 , 
15.5265 , 
15.5265 , 
15.5267 , 
15.5271 , 
15.5272 , 
15.5264 , 
15.5265 , 
15.5272 , 
15.527 , 
15.5264 , 
15.5264 , 
15.5265 , 
15.5264 , 
15.5273 , 
15.5265 , 
15.5264 , 
15.5264 , 
15.5265 , 
15.5264 , 
15.5265 , 
15.5268 , 
15.5265 , 
15.5271 , 
15.5264 , 
15.5264 , 
15.5264 , 
15.5264 , 
15.5265 , 
15.5273 , 
15.5264 , 
15.5265 , 
15.5265 , 
15.5273 , 
15.5264 , 
15.5271 , 
15.5268 , 
15.5272 , 
15.5264 , 
15.5264 , 
15.5264 , 
15.5264 , 
15.5264 , 
15.5269 , 
15.5264 , 
15.5264 , 
15.5264 , 
15.5264 , 
15.5265 , 
15.5264 , 
15.5264 , 
15.5264 , 
15.5267 , 
15.5264 , 
15.5264 , 
15.5264 , 
15.5264 , 
15.5268 , 
15.5264 , 
15.5264 , 
15.5265 , 
15.5264 , 
15.5264 , 
15.5264 , 
15.5264 , 
15.5264 , 
15.5266 , 
15.5267 , 
15.5267 , 
15.5264 , 
15.5264 , 
15.5265 , 
15.5268 , 
15.5264 , 
15.5264 , 
15.5264 , 
15.5267 , 
15.5264 , 
15.5264 , 
15.5264 , 
15.5264 , 
15.5264 , 
15.5264 , 
15.5265 , 
15.5264 , 
15.5264 , 
15.5267 , 
15.5268 , 
15.5267 , 
15.5264 , 
15.5264 , 
15.527 , 
15.5267 , 
15.5267 , 
15.5266 , 
15.5268 , 
15.5264 , 
15.5264 , 
15.5267 , 
15.5264 , 
15.5264 , 
15.5267 , 
15.5264 , 
15.5267 , 
15.5264 , 
15.5267 , 
15.5264 , 
15.5264 , 
15.5267 , 
15.5265 , 
15.5264 , 
15.5266 , 
15.5265 , 
15.5268 , 
15.5264 , 
15.5264 , 
15.5264 , 
15.5268 , 
15.5264 , 
15.5264 , 
15.5264 , 
15.5265 , 
15.5264 , 
15.5268 , 
15.5267 , 
15.5267 , 
15.5267 , 
15.5267 , 
15.5264 , 
15.5268 , 
15.5267 , 
15.5264 , 
15.5264 , 
15.5267 , 
15.5267 , 
15.5265 , 
15.5264 , 
15.5267 , 
15.5264 , 
15.5267 , 
15.5268 , 
15.5267 , 
15.5268 , 
15.5267 , 
15.5268 , 
15.5267 , 
15.5267 , 
15.5267 , 
15.5264 , 
15.5267 , 
15.5264 , 
15.5267 , 
15.5267 , 
15.5266 , 
15.5264 , 
15.5264 , 
15.5264 , 
15.5265 , 
15.5264 , 
15.5264 , 
15.5264 , 
15.5264 , 
15.5264 , 
15.5264 , 
15.5265 , 
15.5264 , 
15.5264 , 
15.5264 , 
15.5267 , 
15.5264 , 
15.5267 , 
15.5264 , 
15.5268 , 
15.5264 , 
15.5264 , 
15.5264 , 
15.5264 , 
15.5267 , 
15.5264 , 
15.5264 , 
15.5264 , 
15.5264 , 
15.5264 , 
15.5264 , 
15.5264 , 
15.5264 , 
15.5264 , 
15.5264 , 
15.5264 , 
15.5264 , 
15.5264 , 
15.5264 , 
15.5264 , 
15.5264 , 
15.5264 , 
15.5264 , 
15.5264 , 
15.5264 , 
15.5264 , 
15.5264 , 
15.5264 , 
15.5264 , 
15.5264 , 
15.5264 , 
15.5264 , 
15.5264 , 
15.5264 , 
15.5264 , 
15.5264 , 
15.5264 , 
15.5264 , 
15.5264 , 
15.5264 , 
15.5264 , 
15.5264 , 
15.5264 , 
15.5264 , 
15.5264 , 
15.5264 , 
15.5264 , 
15.5264 , 
15.5264 , 
15.5264 , 
15.5264 , 
15.5264 , 
15.5264 , 
15.5264 , 
15.5264 , 
15.5264 , 
15.5264 , 
15.5264 , 
15.5264 , 
15.5264 , 
15.5264 , 
15.5264 , 
15.5264 , 
15.5264 , 
15.5264 , 
15.5264 , 
15.5264 , 
15.5264 , 
15.5264 , 
15.5264 , 
15.5264 , 
15.5264 , 
15.5264 , 
15.5264 , 
15.5264 , 
15.5264 , 
15.5264 , 
15.5264 , 
15.5264 , 
15.5264 , 
15.5264 , 
15.5264 , 
15.5264 , 
15.5264 , 
15.5264 , 
15.5264 , 
15.5264 , 
15.5264 , 
15.5264 , 
15.5264 , 
15.5264 , 
15.5264 , 
15.5264 , 
15.5264 , 
15.5264 , 
15.5264 , 
15.5264 , 
15.5264 , 
15.5264 , 
15.5264 , 
15.5264 , 
15.5264 , 
15.5264 , 
15.5264 , 
15.5264 , 
15.5264 , 
15.5264 , 
15.5264 , 
15.5264 , 
15.5264 , 
15.5264 , 
15.5264 , 
15.5264 , 
15.5264 , 
15.5264 , 
15.5264 , 
15.5264 , 
15.5264 , 
15.5264 , 
15.5264 , 
15.5264 , 
15.5264 , 
15.5264 , 
15.5264 , 
15.5264 , 
15.5264 , 
15.5264 , 
15.5264 , 
15.5264 , 
15.5264 , 
15.5264 , 
15.5264 , 
15.5264 , 
15.5264 , 
15.5264 , 
15.5264 , 
15.5264 , 
15.5264 , 
15.5264 , 
15.5264 , 
15.5264 , 
15.5264 , 
15.5264 , 
15.5264 , 
15.5264 , 
15.5264 , 
15.5264 , 
15.5264 , 
15.5264 , 
15.5264 , 
15.5264 , 
15.5264 , 
15.5264 , 
15.5264 , 
15.5264 , 
15.5264 , 
15.5264 , 
15.5264 , 
15.5264 , 
15.5264 , 
15.5264 , 
15.5264 , 
15.5264 , 
15.5264 , 
15.5264 , 
15.5264 , 
15.5264 , 
15.5264 , 
15.5264 , 
15.5264 , 
15.5264 , 
15.5264 , 
15.5264 , 
15.5264 , 
15.5264 , 
15.5264 , 
15.5264 , 
15.5264 , 
15.5264 , 
15.5264 , 
15.5264 , 
15.5264 , 
15.5264 , 
15.5264 , 
15.5264 , 
15.5264 , 
15.5264 , 
15.5264 , 
15.5264 , 
15.5264 , 
15.5264 , 
15.5264 , 
15.5264 , 
15.5264 , 
15.5264 , 
15.5264 , 
15.5264 , 
15.5264 , 
15.5264 , 
15.5264 , 
15.5264 , 
15.5264 , 
15.5264 , 
15.5264 , 
15.5264 , 
15.5264 , 
15.5264 , 
15.5264 , 
15.5264 , 
15.5264 , 
15.5264 , 
15.5264 , 
15.5264 , 
15.5264 , 
15.5264 , 
15.5264 , 
15.5264 , 
15.5264 , 
15.5264 , 
15.5264 , 
15.5264 , 
15.5264 , 
15.5264 , 
15.5264 , 
15.5264 , 
15.5264 , 
15.5264 , 
15.5264 , 
15.5264 , 
15.5264 , 
15.5264 , 
15.5264 , 
15.5264 , 
15.5264 , 
15.5264 , 
15.5264 , 
15.5264 , 
15.5264 , 
15.5264 , 
15.5264 , 
15.5264 , 
15.5264 , 
15.5264 , 
15.5264 , 
15.5264 , 
15.5264 , 
15.5264 , 
15.5264 , 
15.5264 , 
15.5264 , 
15.5264 , 
15.5264 , 
15.5264 , 
15.5264 , 
15.5264 , 
15.5264 , 
15.5264 , 
15.5264 , 
15.5264 , 
15.5264 , 
15.5264 , 
15.5264 , 
15.5264 , 
15.5264 , 
15.5264 , 
15.5264 , 
15.5264 , 
15.5264 , 
15.5264 , 
15.5264 , 
15.5264 , 
15.5264 , 
15.5264 , 
15.5264 , 
15.5264 , 
15.5264 , 
15.5264 , 
15.5264 , 
15.5264 , 
15.5264 , 
15.5264 , 
15.5264 , 
15.5264 , 
15.5264 , 
15.5264 , 
15.5264 , 
15.5264 , 
15.5264 , 
15.5264 , 
15.5264 , 
15.5264 , 
15.5264 , 
15.5264 , 
15.5264 , 
15.5264 , 
15.5264 , 
15.5264 , 
15.5264 , 
15.5264 , 
15.5264 , 
15.5264 , 
15.5264 , 
15.5264 , 
15.5264 , 
15.5264 , 
15.5264 , 
15.5264 , 
15.5264 , 
15.5264 , 
15.5264 , 
15.5264 , 
15.5264 , 
15.5264 , 
15.5264 , 
15.5264 , 
15.5264 , 
15.5264 , 
15.5264 , 
15.5264 , 
15.5264 , 
15.5264 , 
15.5264 , 
15.5264 , 
15.5264 , 
15.5264 , 
15.5264 , 
15.5264 , 
15.5264 , 
15.5264 , 
15.5264 , 
15.5264 , 
15.5264 , 
15.5264 , 
15.5264 , 
15.5264 , 
15.5264 , 
15.5264 , 
15.5264 , 
15.5264 , 
15.5264 , 
15.5264 , 
15.5264 , 
15.5264 , 
15.5264 , 
15.5264 , 
15.5264 , 
15.5264 , 
15.5264 , 
15.5264 , 
15.5264 , 
15.5264 , 
15.5264 , 
15.5264 , 
15.5264 , 
15.5264 , 
15.5264 , 
15.5264 , 
15.5264 , 
15.5264 , 
15.5264 , 
15.5264 , 
15.5264 , 
15.5264 , 
15.5264 , 
15.5264 , 
15.5264 , 
15.5264 , 
15.5264 , 
15.5264 , 
15.5264 , 
15.5264 , 
15.5264 , 
15.5264 , 
15.5264 , 
15.5264 , 
15.5264 , 
15.5264 , 
15.5264 , 
15.5264 , 
15.5264 , 
15.5264 , 
15.5264 , 
15.5264 , 
